Date,Week,Year,Month,Day,DOY,Maximum temperature (Degree C),Minimum temperature (Degree C),Bureau of Meteorology station number,Rainfall amount (millimetres),Rainfall_lag1,Rainfall_lag2,Bluebird
2026-06-09,Week 1,2026,6,9,160,1.0480000000000012,-3.4889999999999968,71075,14.089999999999993,0.0,0.0,0
2026-06-10,Week 1,2026,6,10,161,1.7199999999999978,-2.793000000000001,71075,12.320000000000014,14.089999999999993,0.0,0
2026-06-11,Week 1,2026,6,11,162,1.9859999999999978,-4.203999999999998,71075,0.0,12.320000000000014,14.089999999999993,1
2026-06-12,Week 1,2026,6,12,163,2.213999999999999,-5.671,71075,0.0,0.0,12.320000000000014,1
2026-06-13,Week 1,2026,6,13,164,1.6699999999999995,-5.220999999999996,71075,0.0,0.0,0.0,0
2026-06-14,Week 1,2026,6,14,165,2.8810000000000024,-6.462000000000006,71075,0.0,0.0,0.0,0
2026-06-15,Week 1,2026,6,15,166,2.428000000000003,-2.545000000000002,71075,0.0,0.0,0.0,0
2026-06-16,Week 2,2026,6,16,167,2.4350000000000036,-5.313000000000001,71075,0.0,0.0,0.0,0
2026-06-17,Week 2,2026,6,17,168,1.3729999999999984,-3.2390000000000003,71075,7.560000000000015,0.0,0.0,0
2026-06-18,Week 2,2026,6,18,169,4.282000000000003,-4.064000000000004,71075,6.520000000000013,7.560000000000015,0.0,0
2026-06-19,Week 2,2026,6,19,170,6.196999999999998,-5.341,71075,0.0,6.520000000000013,7.560000000000015,0
2026-06-20,Week 2,2026,6,20,171,7.49899999999999,-5.068999999999995,71075,0.0,0.0,6.520000000000013,0
2026-06-21,Week 2,2026,6,21,172,8.55300000000001,-4.127000000000006,71075,0.0,0.0,0.0,0
2026-06-22,Week 2,2026,6,22,173,8.61700000000001,-0.9160000000000004,71075,0.0,0.0,0.0,0
2026-06-23,Week 3,2026,6,23,174,6.123000000000001,0.6259999999999997,71075,0.0,0.0,0.0,0
2026-06-24,Week 3,2026,6,24,175,3.6960000000000024,0.5020000000000003,71075,57.84800000000005,0.0,0.0,0
2026-06-25,Week 3,2026,6,25,176,-0.6540000000000004,-2.9999999999999987,71075,53.79400000000007,57.84800000000005,0.0,0
2026-06-26,Week 3,2026,6,26,177,0.4250000000000002,-4.887999999999996,71075,26.899999999999974,53.79400000000007,57.84800000000005,0
2026-06-27,Week 3,2026,6,27,178,4.598000000000005,-6.428000000000002,71075,0.0,26.899999999999974,53.79400000000007,1
2026-06-28,Week 3,2026,6,28,179,5.596,-6.183999999999993,71075,0.0,0.0,26.899999999999974,0
2026-06-29,Week 3,2026,6,29,180,4.082000000000001,-6.951999999999989,71075,0.0,0.0,0.0,0
2026-06-30,Week 4,2026,6,30,181,2.8710000000000004,-6.128999999999996,71075,0.0,0.0,0.0,0
2026-07-01,Week 4,2026,7,1,182,2.028,-4.3189999999999955,71075,0.0,0.0,0.0,0
2026-07-02,Week 4,2026,7,2,183,2.592,-1.7910000000000028,71075,20.912000000000006,0.0,0.0,0
2026-07-03,Week 4,2026,7,3,184,2.370000000000002,-1.5850000000000026,71075,13.738000000000007,20.912000000000006,0.0,0
2026-07-04,Week 4,2026,7,4,185,4.188000000000006,-2.014000000000003,71075,4.595999999999993,13.738000000000007,20.912000000000006,0
2026-07-05,Week 4,2026,7,5,186,6.216,-2.5850000000000004,71075,0.0,4.595999999999993,13.738000000000007,0
2026-07-06,Week 4,2026,7,6,187,6.763999999999995,-0.18699999999999994,71075,0.0,0.0,4.595999999999993,0
2026-07-07,Week 5,2026,7,7,188,5.461999999999996,-0.7300000000000009,71075,10.951999999999988,0.0,0.0,0
2026-07-08,Week 5,2026,7,8,189,1.425000000000001,-1.8799999999999992,71075,0.0,10.951999999999988,0.0,1
2026-07-09,Week 5,2026,7,9,190,-0.034999999999999996,-2.556,71075,25.262666666666675,0.0,10.951999999999988,0
2026-07-10,Week 5,2026,7,10,191,0.20299999999999963,-2.914000000000001,71075,21.63000000000001,25.262666666666675,0.0,0
2026-07-11,Week 5,2026,7,11,192,1.194999999999999,-2.9870000000000037,71075,20.388000000000023,21.63000000000001,25.262666666666675,0
2026-07-12,Week 5,2026,7,12,193,2.603000000000002,-2.6200000000000023,71075,9.792000000000018,20.388000000000023,21.63000000000001,0
2026-07-13,Week 5,2026,7,13,194,1.3580000000000014,-3.2599999999999993,71075,0.0,9.792000000000018,20.388000000000023,1
2026-07-14,Week 6,2026,7,14,195,0.6769999999999999,-3.118999999999998,71075,15.15,0.0,9.792000000000018,0
2026-07-15,Week 6,2026,7,15,196,-0.03999999999999998,-3.7449999999999957,71075,6.0499999999999945,15.15,0.0,0
2026-07-16,Week 6,2026,7,16,197,1.2059999999999986,-4.026999999999995,71075,4.287999999999999,6.0499999999999945,15.15,0
2026-07-17,Week 6,2026,7,17,198,1.0920000000000005,-4.059000000000003,71075,0.0,4.287999999999999,6.0499999999999945,1
2026-07-18,Week 6,2026,7,18,199,3.068,-6.61800000000001,71075,2.915999999999995,0.0,4.287999999999999,0
2026-07-19,Week 6,2026,7,19,200,1.7310000000000005,-7.1519999999999975,71075,0.0,2.915999999999995,0.0,1
2026-07-20,Week 6,2026,7,20,201,4.268999999999994,-3.8070000000000066,71075,0.0,0.0,2.915999999999995,1
2026-07-21,Week 7,2026,7,21,202,4.721999999999994,-4.896000000000007,71075,0.0,0.0,0.0,0
2026-07-22,Week 7,2026,7,22,203,4.706000000000006,-0.8999999999999999,71075,8.176000000000007,0.0,0.0,0
2026-07-23,Week 7,2026,7,23,204,-0.04900000000000021,-2.9399999999999955,71075,25.052,8.176000000000007,0.0,0
2026-07-24,Week 7,2026,7,24,205,0.7629999999999991,-4.176999999999993,71075,16.769999999999992,25.052,8.176000000000007,0
2026-07-25,Week 7,2026,7,25,206,4.097000000000004,-6.626000000000002,71075,0.0,16.769999999999992,25.052,1
2026-07-26,Week 7,2026,7,26,207,1.905000000000003,-3.1079999999999957,71075,20.27599999999999,0.0,16.769999999999992,0
2026-07-27,Week 7,2026,7,27,208,1.5840000000000025,-1.085000000000001,71075,34.272000000000055,20.27599999999999,0.0,0
2026-07-28,Week 8,2026,7,28,209,1.0600000000000007,-1.704999999999999,71075,39.68800000000002,34.272000000000055,20.27599999999999,0
2026-07-29,Week 8,2026,7,29,210,0.02299999999999984,-4.246000000000005,71075,26.38200000000004,39.68800000000002,34.272000000000055,0
2026-07-30,Week 8,2026,7,30,211,1.372,-4.914999999999999,71075,0.0,26.38200000000004,39.68800000000002,1
2026-07-31,Week 8,2026,7,31,212,3.0540000000000007,-4.838000000000001,71075,0.0,0.0,26.38200000000004,1
2026-08-01,Week 8,2026,8,1,213,5.216000000000005,-6.2359999999999935,71075,0.0,0.0,0.0,0
2026-08-02,Week 8,2026,8,2,214,5.217000000000005,-6.532999999999998,71075,0.0,0.0,0.0,0
2026-08-03,Week 8,2026,8,3,215,4.915000000000004,-5.45,71075,0.0,0.0,0.0,0
2026-08-04,Week 9,2026,8,4,216,5.256999999999998,-3.3270000000000004,71075,0.0,0.0,0.0,0
2026-08-05,Week 9,2026,8,5,217,4.015999999999998,-3.9199999999999977,71075,0.0,0.0,0.0,0
2026-08-06,Week 9,2026,8,6,218,3.512,-5.367999999999998,71075,0.0,0.0,0.0,0
2026-08-07,Week 9,2026,8,7,219,4.23,-5.127999999999997,71075,0.0,0.0,0.0,0
2026-08-08,Week 9,2026,8,8,220,4.4970000000000026,-4.421999999999996,71075,0.0,0.0,0.0,0
2026-08-09,Week 9,2026,8,9,221,4.614000000000003,-3.5679999999999974,71075,0.0,0.0,0.0,0
2026-08-10,Week 9,2026,8,10,222,6.009999999999996,-2.6709999999999967,71075,0.0,0.0,0.0,0
2026-08-11,Week 10,2026,8,11,223,7.63699999999999,-3.830999999999997,71075,0.0,0.0,0.0,0
2026-08-12,Week 10,2026,8,12,224,8.052999999999988,-3.825999999999998,71075,0.0,0.0,0.0,0
2026-08-13,Week 10,2026,8,13,225,7.74599999999999,-3.0100000000000016,71075,0.0,0.0,0.0,0
2026-08-14,Week 10,2026,8,14,226,7.013999999999998,1.5269999999999977,71075,8.940000000000003,0.0,0.0,0
2026-08-15,Week 10,2026,8,15,227,8.187999999999997,1.0580000000000012,71075,8.876000000000001,8.940000000000003,0.0,0
2026-08-16,Week 10,2026,8,16,228,6.933999999999997,0.08399999999999977,71075,0.0,8.876000000000001,8.940000000000003,0
2026-08-17,Week 10,2026,8,17,229,4.512,0.10999999999999983,71075,0.0,0.0,8.876000000000001,1
2026-08-18,Week 11,2026,8,18,230,3.9679999999999995,-0.37500000000000006,71075,8.000000000000004,0.0,0.0,0
2026-08-19,Week 11,2026,8,19,231,5.455999999999996,-2.1239999999999974,71075,7.6200000000000045,8.000000000000004,0.0,0
2026-08-20,Week 11,2026,8,20,232,7.344000000000001,-2.0509999999999975,71075,0.0,7.6200000000000045,8.000000000000004,0
2026-08-21,Week 11,2026,8,21,233,6.289000000000003,-0.6530000000000002,71075,6.890000000000006,0.0,7.6200000000000045,0
2026-08-22,Week 11,2026,8,22,234,4.424000000000005,1.6880000000000004,71075,11.148000000000003,6.890000000000006,0.0,0
2026-08-23,Week 11,2026,8,23,235,5.790000000000003,0.8470000000000002,71075,21.628,11.148000000000003,6.890000000000006,0
2026-08-24,Week 11,2026,8,24,236,7.506999999999998,0.29600000000000004,71075,20.68800000000001,21.628,11.148000000000003,0
2026-08-25,Week 12,2026,8,25,237,8.787000000000003,2.4129999999999994,71075,19.610000000000003,20.68800000000001,21.628,0
2026-08-26,Week 12,2026,8,26,238,7.524999999999998,1.749,71075,30.970000000000024,19.610000000000003,20.68800000000001,0
2026-08-27,Week 12,2026,8,27,239,4.896999999999999,0.9510000000000011,71075,34.47685714285716,30.970000000000024,19.610000000000003,0
2026-08-28,Week 12,2026,8,28,240,4.061,0.8100000000000013,71075,26.85971428571429,34.47685714285716,30.970000000000024,0
2026-08-29,Week 12,2026,8,29,241,4.055000000000003,0.5949999999999996,71075,21.093428571428582,26.85971428571429,34.47685714285716,0
2026-08-30,Week 12,2026,8,30,242,3.9049999999999976,-0.19499999999999992,71075,23.98199999999999,21.093428571428582,26.85971428571429,0
2026-08-31,Week 12,2026,8,31,243,4.451999999999996,-0.9180000000000006,71075,25.546714285714266,23.98199999999999,21.093428571428582,0
2026-09-01,Week 13,2026,9,1,244,5.737999999999999,-0.76,71075,14.354000000000012,25.546714285714266,23.98199999999999,0
2026-09-02,Week 13,2026,9,2,245,5.822999999999997,-2.122999999999998,71075,11.82,14.354000000000012,25.546714285714266,0
2026-09-03,Week 13,2026,9,3,246,5.973999999999997,-2.827999999999999,71075,10.036,11.82,14.354000000000012,0
2026-09-04,Week 13,2026,9,4,247,8.148000000000001,-2.349000000000002,71075,17.13,10.036,11.82,0
2026-09-05,Week 13,2026,9,5,248,7.8660000000000005,0.22900000000000037,71075,0.0,17.13,10.036,0
2026-09-06,Week 13,2026,9,6,249,10.399000000000001,2.592999999999999,71075,0.0,0.0,17.13,0
2026-09-07,Week 13,2026,9,7,250,10.212999999999997,3.4460000000000033,71075,0.0,0.0,0.0,0
2026-09-08,Week 14,2026,9,8,251,4.6969999999999965,0.04000000000000013,71075,17.856857142857162,0.0,0.0,0
2026-09-09,Week 14,2026,9,9,252,5.243999999999993,-0.6179999999999995,71075,17.428857142857165,17.856857142857162,0.0,0
2026-09-10,Week 14,2026,9,10,253,10.751,-0.195,71075,0.0,17.428857142857165,17.856857142857162,0
2026-09-11,Week 14,2026,9,11,254,12.030000000000012,-0.10699999999999994,71075,0.0,0.0,17.428857142857165,0
2026-09-12,Week 14,2026,9,12,255,9.870000000000001,0.3580000000000001,71075,0.0,0.0,0.0,0
2026-09-13,Week 14,2026,9,13,256,8.678,-1.9129999999999974,71075,0.0,0.0,0.0,0
2026-09-14,Week 14,2026,9,14,257,8.620000000000003,-4.039000000000002,71075,0.0,0.0,0.0,0
2026-09-15,Week 15,2026,9,15,258,5.868,-3.8989999999999982,71075,0.0,0.0,0.0,0
2026-09-16,Week 15,2026,9,16,259,5.608999999999996,-4.768999999999997,71075,0.0,0.0,0.0,0
2026-09-17,Week 15,2026,9,17,260,6.006999999999998,-4.413999999999998,71075,0.0,0.0,0.0,0
2026-09-18,Week 15,2026,9,18,261,6.169999999999993,-2.3909999999999973,71075,0.0,0.0,0.0,0
2026-09-19,Week 15,2026,9,19,262,4.302999999999997,-0.9210000000000003,71075,0.0,0.0,0.0,0
2026-09-20,Week 15,2026,9,20,263,2.8930000000000002,-0.5600000000000002,71075,5.282,0.0,0.0,0
2026-09-21,Week 15,2026,9,21,264,2.6580000000000017,-1.2409999999999997,71075,11.328857142857144,5.282,0.0,0
2026-06-09,Week 1,2026,6,9,160,-0.8976000000000007,-4.094999999999995,71032,3.8667999999999965,0.0,0.0,0
2026-06-10,Week 1,2026,6,10,161,-0.9830000000000011,-3.6649999999999987,71032,4.383999999999998,3.8667999999999965,0.0,0
2026-06-11,Week 1,2026,6,11,162,-1.8030000000000022,-4.247999999999996,71032,1.4135999999999993,4.383999999999998,3.8667999999999965,0
2026-06-12,Week 1,2026,6,12,163,-1.1600000000000006,-5.431,71032,0.0,1.4135999999999993,4.383999999999998,1
2026-06-13,Week 1,2026,6,13,164,-0.7359999999999998,-5.876999999999999,71032,0.0,0.0,1.4135999999999993,0
2026-06-14,Week 1,2026,6,14,165,-0.858000000000001,-6.988000000000008,71032,3.5722666666666623,0.0,0.0,0
2026-06-15,Week 1,2026,6,15,166,1.7739999999999967,-4.953000000000007,71032,4.6661333333333355,3.5722666666666623,0.0,0
2026-06-16,Week 2,2026,6,16,167,1.2329999999999988,-4.335000000000001,71032,0.0,4.6661333333333355,3.5722666666666623,1
2026-06-17,Week 2,2026,6,17,168,0.9430000000000007,-4.460999999999995,71032,1.2741333333333345,0.0,4.6661333333333355,0
2026-06-18,Week 2,2026,6,18,169,2.6820000000000035,-5.309000000000005,71032,0.9954666666666657,1.2741333333333345,0.0,0
2026-06-19,Week 2,2026,6,19,170,3.224000000000001,-2.8240000000000003,71032,0.0,0.9954666666666657,1.2741333333333345,0
2026-06-20,Week 2,2026,6,20,171,4.583866666666661,-1.0359999999999991,71032,2.0437333333333325,0.0,0.9954666666666657,0
2026-06-21,Week 2,2026,6,21,172,5.116733333333335,-0.10199999999999985,71032,0.0,2.0437333333333325,0.0,0
2026-06-22,Week 2,2026,6,22,173,4.536400000000006,-0.4040000000000004,71032,5.06386666666667,0.0,2.0437333333333325,0
2026-06-23,Week 3,2026,6,23,174,1.165599999999999,-0.6149999999999997,71032,0.0,5.06386666666667,0.0,1
2026-06-24,Week 3,2026,6,24,175,0.6112666666666675,-0.13699999999999996,71032,5.650266666666665,0.0,5.06386666666667,0
2026-06-25,Week 3,2026,6,25,176,-1.8534000000000035,-3.6669999999999954,71032,7.854399999999993,5.650266666666665,0.0,0
2026-06-26,Week 3,2026,6,26,177,-0.523999999999999,-6.497999999999996,71032,5.373999999999996,7.854399999999993,5.650266666666665,0
2026-06-27,Week 3,2026,6,27,178,1.726000000000001,-6.3049999999999935,71032,0.0,5.373999999999996,7.854399999999993,1
2026-06-28,Week 3,2026,6,28,179,2.671000000000004,-4.415000000000002,71032,0.0,0.0,5.373999999999996,1
2026-06-29,Week 3,2026,6,29,180,1.3989999999999998,-3.4930000000000008,71032,0.0,0.0,0.0,0
2026-06-30,Week 4,2026,6,30,181,-0.23500000000000004,-5.817999999999992,71032,0.0,0.0,0.0,0
2026-07-01,Week 4,2026,7,1,182,-0.1469999999999999,-5.452000000000005,71032,0.0,0.0,0.0,0
2026-07-02,Week 4,2026,7,2,183,0.2990000000000004,-3.2239999999999998,71032,8.748000000000012,0.0,0.0,0
2026-07-03,Week 4,2026,7,3,184,0.10499999999999991,-2.898999999999999,71032,7.624000000000008,8.748000000000012,0.0,0
2026-07-04,Week 4,2026,7,4,185,1.448000000000001,-3.535999999999995,71032,3.0639999999999983,7.624000000000008,8.748000000000012,0
2026-07-05,Week 4,2026,7,5,186,3.2319999999999967,-3.123999999999999,71032,0.0,3.0639999999999983,7.624000000000008,1
2026-07-06,Week 4,2026,7,6,187,3.258,-1.7719999999999987,71032,0.0,0.0,3.0639999999999983,1
2026-07-07,Week 5,2026,7,7,188,2.251000000000002,-2.0909999999999993,71032,2.5546666666666695,0.0,0.0,0
2026-07-08,Week 5,2026,7,8,189,-0.20100000000000018,-2.3979999999999997,71032,0.0,2.5546666666666695,0.0,1
2026-07-09,Week 5,2026,7,9,190,-1.8200000000000023,-3.9640000000000044,71032,6.0174666666666665,0.0,2.5546666666666695,0
2026-07-10,Week 5,2026,7,10,191,-1.9690000000000005,-4.2320000000000055,71032,2.705466666666668,6.0174666666666665,0.0,0
2026-07-11,Week 5,2026,7,11,192,-0.4659999999999995,-4.268000000000006,71032,1.959999999999999,2.705466666666668,6.0174666666666665,0
2026-07-12,Week 5,2026,7,12,193,-0.6930000000000008,-4.588999999999997,71032,4.157999999999996,1.959999999999999,2.705466666666668,0
2026-07-13,Week 5,2026,7,13,194,-0.8999999999999997,-4.654999999999994,71032,0.0,4.157999999999996,1.959999999999999,1
2026-07-14,Week 6,2026,7,14,195,-2.708999999999999,-5.398999999999993,71032,5.332133333333326,0.0,4.157999999999996,0
2026-07-15,Week 6,2026,7,15,196,-3.414000000000005,-6.030000000000005,71032,1.5866666666666667,5.332133333333326,0.0,0
2026-07-16,Week 6,2026,7,16,197,-2.2250000000000028,-5.944999999999994,71032,0.0,1.5866666666666667,5.332133333333326,1
2026-07-17,Week 6,2026,7,17,198,-1.929000000000001,-4.6159999999999926,71032,0.0,0.0,1.5866666666666667,0
2026-07-18,Week 6,2026,7,18,199,-2.286999999999998,-5.715000000000007,71032,0.0,0.0,0.0,0
2026-07-19,Week 6,2026,7,19,200,-1.130999999999999,-7.538999999999991,71032,0.0,0.0,0.0,0
2026-07-20,Week 6,2026,7,20,201,0.6370000000000006,-6.416785714285718,71032,0.0,0.0,0.0,0
2026-07-21,Week 7,2026,7,21,202,1.7969999999999988,-5.717999999999995,71032,0.0,0.0,0.0,0
2026-07-22,Week 7,2026,7,22,203,2.011428571428569,-3.386,71032,3.670799999999994,0.0,0.0,0
2026-07-23,Week 7,2026,7,23,204,-1.29884761904762,-4.549000000000003,71032,15.42400000000002,3.670799999999994,0.0,0
2026-07-24,Week 7,2026,7,24,205,-1.3504285714285702,-5.587000000000001,71032,5.811466666666678,15.42400000000002,3.670799999999994,0
2026-07-25,Week 7,2026,7,25,206,1.1337142857142863,-7.054000000000005,71032,0.0,5.811466666666678,15.42400000000002,1
2026-07-26,Week 7,2026,7,26,207,0.7748571428571429,-6.351000000000003,71032,0.0,0.0,5.811466666666678,1
2026-07-27,Week 7,2026,7,27,208,0.3790000000000002,-6.387000000000001,71032,0.0,0.0,0.0,0
2026-07-28,Week 8,2026,7,28,209,-0.7977142857142856,-6.295000000000003,71032,6.439692307692309,0.0,0.0,0
2026-07-29,Week 8,2026,7,29,210,-1.8200000000000005,-7.026000000000003,71032,6.394000000000003,6.439692307692309,0.0,0
2026-07-30,Week 8,2026,7,30,211,-1.0354285714285714,-7.951000000000002,71032,0.0,6.394000000000003,6.439692307692309,1
2026-07-31,Week 8,2026,7,31,212,1.1907142857142867,-7.177999999999994,71032,0.0,0.0,6.394000000000003,1
2026-08-01,Week 8,2026,8,1,213,2.0137142857142845,-6.159000000000009,71032,0.0,0.0,0.0,0
2026-08-02,Week 8,2026,8,2,214,1.751714285714284,-6.393000000000009,71032,0.0,0.0,0.0,0
2026-08-03,Week 8,2026,8,3,215,1.216285714285714,-6.128000000000005,71032,0.0,0.0,0.0,0
2026-08-04,Week 9,2026,8,4,216,1.8731428571428568,-4.764000000000003,71032,0.0,0.0,0.0,0
2026-08-05,Week 9,2026,8,5,217,1.642142857142859,-5.253000000000003,71032,0.0,0.0,0.0,0
2026-08-06,Week 9,2026,8,6,218,0.7117142857142863,-5.7650000000000015,71032,0.0,0.0,0.0,0
2026-08-07,Week 9,2026,8,7,219,0.8485604395604404,-5.622000000000002,71032,0.0,0.0,0.0,0
2026-08-08,Week 9,2026,8,8,220,2.5569999999999986,-4.620999999999999,71032,0.0,0.0,0.0,0
2026-08-09,Week 9,2026,8,9,221,2.017428571428572,-4.011000000000005,71032,0.0,0.0,0.0,0
2026-08-10,Week 9,2026,8,10,222,3.101000000000001,-3.4000000000000035,71032,0.0,0.0,0.0,0
2026-08-11,Week 10,2026,8,11,223,5.09314285714286,-3.3800000000000017,71032,0.0,0.0,0.0,0
2026-08-12,Week 10,2026,8,12,224,5.085142857142858,-3.4420000000000033,71032,0.0,0.0,0.0,0
2026-08-13,Week 10,2026,8,13,225,4.068142857142855,-2.9900000000000024,71032,0.0,0.0,0.0,0
2026-08-14,Week 10,2026,8,14,226,3.5911428571428585,-0.9079999999999978,71032,4.982133333333336,0.0,0.0,0
2026-08-15,Week 10,2026,8,15,227,4.09014285714286,-0.3300000000000005,71032,3.6546666666666634,4.982133333333336,0.0,0
2026-08-16,Week 10,2026,8,16,228,4.1057142857142885,-0.737,71032,4.9519999999999955,3.6546666666666634,4.982133333333336,0
2026-08-17,Week 10,2026,8,17,229,2.755142857142857,-1.0509999999999997,71032,0.0,4.9519999999999955,3.6546666666666634,1
2026-08-18,Week 11,2026,8,18,230,1.0631428571428574,-1.9209999999999992,71032,6.3759999999999994,0.0,4.9519999999999955,0
2026-08-19,Week 11,2026,8,19,231,1.8551428571428579,-2.6119999999999974,71032,0.0,6.3759999999999994,0.0,1
2026-08-20,Week 11,2026,8,20,232,4.571285714285713,-2.169999999999998,71032,0.0,0.0,6.3759999999999994,1
2026-08-21,Week 11,2026,8,21,233,3.995857142857145,-0.2850000000000002,71032,0.0,0.0,0.0,0
2026-08-22,Week 11,2026,8,22,234,2.0808571428571456,0.3119999999999999,71032,11.186,0.0,0.0,0
2026-08-23,Week 11,2026,8,23,235,3.429857142857143,-0.8120000000000006,71032,11.047999999999996,11.186,0.0,0
2026-08-24,Week 11,2026,8,24,236,5.043714285714282,-1.6430000000000018,71032,5.2957333333333345,11.047999999999996,11.186,0
2026-08-25,Week 12,2026,8,25,237,6.143142857142858,-0.016999999999999783,71032,4.404502564102569,5.2957333333333345,11.047999999999996,0
2026-08-26,Week 12,2026,8,26,238,4.3687142857142875,-0.43157142857142927,71032,16.057054945054947,4.404502564102569,5.2957333333333345,0
2026-08-27,Week 12,2026,8,27,239,2.917714285714285,-2.16785714285714,71032,20.694307692307717,16.057054945054947,4.404502564102569,0
2026-08-28,Week 12,2026,8,28,240,2.652714285714284,-1.0587142857142866,71032,8.306000000000004,20.694307692307717,16.057054945054947,0
2026-08-29,Week 12,2026,8,29,241,2.9947142857142866,-0.9789999999999985,71032,4.765999999999994,8.306000000000004,20.694307692307717,0
2026-08-30,Week 12,2026,8,30,242,2.0637142857142847,-1.727000000000001,71032,7.300000000000007,4.765999999999994,8.306000000000004,0
2026-08-31,Week 12,2026,8,31,243,2.4602857142857153,-2.7420000000000004,71032,11.522000000000002,7.300000000000007,4.765999999999994,0
2026-09-01,Week 13,2026,9,1,244,2.5510000000000024,-2.7100000000000013,71032,4.182000000000001,11.522000000000002,7.300000000000007,0
2026-09-02,Week 13,2026,9,2,245,1.3930000000000005,-3.4190000000000005,71032,3.994000000000004,4.182000000000001,11.522000000000002,0
2026-09-03,Week 13,2026,9,3,246,1.0743571428571428,-4.7619999999999925,71032,3.812833333333334,3.994000000000004,4.182000000000001,0
2026-09-04,Week 13,2026,9,4,247,4.100714285714285,-3.4879999999999955,71032,25.176,3.812833333333334,3.994000000000004,0
2026-09-05,Week 13,2026,9,5,248,5.190456043956041,-0.8767142857142862,71032,0.0,25.176,3.812833333333334,0
2026-09-06,Week 13,2026,9,6,249,6.395076923076918,0.6964835164835164,71032,0.0,0.0,25.176,0
2026-09-07,Week 13,2026,9,7,250,5.678923076923075,0.542549450549451,71032,0.0,0.0,0.0,0
2026-09-08,Week 14,2026,9,8,251,4.21443406593406,-0.3412307692307689,71032,16.722999999999992,0.0,0.0,0
2026-09-09,Week 14,2026,9,9,252,4.063142857142853,-1.2832857142857148,71032,5.151466666666665,16.722999999999992,0.0,0
2026-09-10,Week 14,2026,9,10,253,7.7024285714285785,-1.075357142857142,71032,3.389466666666666,5.151466666666665,16.722999999999992,0
2026-09-11,Week 14,2026,9,11,254,8.495571428571433,-0.3029285714285716,71032,0.0,3.389466666666666,5.151466666666665,0
2026-09-12,Week 14,2026,9,12,255,4.587428571428572,-0.9205714285714289,71032,0.0,0.0,3.389466666666666,1
2026-09-13,Week 14,2026,9,13,256,3.9554285714285724,-2.6512142857142877,71032,4.157999999999994,0.0,0.0,0
2026-09-14,Week 14,2026,9,14,257,4.077642857142858,-2.9957857142857165,71032,0.0,4.157999999999994,0.0,1
2026-09-15,Week 15,2026,9,15,258,3.0785714285714283,-2.761571428571429,71032,4.015999999999994,0.0,4.157999999999994,0
2026-09-16,Week 15,2026,9,16,259,1.6002747252747254,-5.4150274725274725,71032,0.0,4.015999999999994,0.0,1
2026-09-17,Week 15,2026,9,17,260,2.1617857142857124,-4.579384615384618,71032,0.0,0.0,4.015999999999994,1
2026-09-18,Week 15,2026,9,18,261,2.4807857142857124,-3.068214285714284,71032,0.0,0.0,0.0,0
2026-09-19,Week 15,2026,9,19,262,2.162214285714286,-2.7030714285714286,71032,0.0,0.0,0.0,0
2026-09-20,Week 15,2026,9,20,263,1.1139285714285712,-2.8172857142857115,71032,0.0,0.0,0.0,0
2026-09-21,Week 15,2026,9,21,264,1.0732857142857142,-2.914571428571429,71032,6.464000000000006,0.0,0.0,0
2026-06-09,Week 1,2026,6,9,160,0.5300000000000004,-2.286000000000003,83024,6.407999999999988,0.0,0.0,0
2026-06-10,Week 1,2026,6,10,161,0.14899999999999994,-2.296000000000004,83024,3.2539999999999996,6.407999999999988,0.0,0
2026-06-11,Week 1,2026,6,11,162,0.16700000000000004,-2.472000000000004,83024,4.067999999999995,3.2539999999999996,6.407999999999988,0
2026-06-12,Week 1,2026,6,12,163,1.2989999999999984,-3.145,83024,0.0,4.067999999999995,3.2539999999999996,1
2026-06-13,Week 1,2026,6,13,164,2.5689999999999964,-3.1029999999999966,83024,0.0,0.0,4.067999999999995,1
2026-06-14,Week 1,2026,6,14,165,0.608000000000001,-2.404000000000003,83024,0.0,0.0,0.0,0
2026-06-15,Week 1,2026,6,15,166,-0.33899999999999947,-2.0950000000000024,83024,0.0,0.0,0.0,0
2026-06-16,Week 2,2026,6,16,167,-0.6819999999999999,-2.8009999999999997,83024,0.0,0.0,0.0,0
2026-06-17,Week 2,2026,6,17,168,-0.7430000000000007,-2.8499999999999996,83024,6.851999999999989,0.0,0.0,0
2026-06-18,Week 2,2026,6,18,169,2.079999999999998,-4.564000000000006,83024,7.505999999999991,6.851999999999989,0.0,0
2026-06-19,Week 2,2026,6,19,170,6.699999999999993,-4.0030000000000046,83024,0.0,7.505999999999991,6.851999999999989,0
2026-06-20,Week 2,2026,6,20,171,9.099999999999996,-0.285,83024,0.0,0.0,7.505999999999991,0
2026-06-21,Week 2,2026,6,21,172,7.1600000000000055,2.1010000000000004,83024,0.0,0.0,0.0,0
2026-06-22,Week 2,2026,6,22,173,6.002999999999993,2.0479999999999974,83024,0.0,0.0,0.0,0
2026-06-23,Week 3,2026,6,23,174,4.715999999999998,0.2910000000000009,83024,6.195999999999997,0.0,0.0,0
2026-06-24,Week 3,2026,6,24,175,1.3180000000000016,-0.4550000000000003,83024,16.90800000000002,6.195999999999997,0.0,0
2026-06-25,Week 3,2026,6,25,176,-1.3139999999999998,-2.9509999999999996,83024,25.072000000000013,16.90800000000002,6.195999999999997,0
2026-06-26,Week 3,2026,6,26,177,0.2419999999999999,-4.460999999999998,83024,8.28600000000001,25.072000000000013,16.90800000000002,0
2026-06-27,Week 3,2026,6,27,178,1.8430000000000033,-2.9209999999999967,83024,4.551999999999997,8.28600000000001,25.072000000000013,0
2026-06-28,Week 3,2026,6,28,179,1.4590000000000005,-2.0169999999999972,83024,0.0,4.551999999999997,8.28600000000001,1
2026-06-29,Week 3,2026,6,29,180,0.5829999999999997,-3.220999999999999,83024,0.0,0.0,4.551999999999997,1
2026-06-30,Week 4,2026,6,30,181,1.2179999999999997,-3.1360000000000023,83024,0.0,0.0,0.0,0
2026-07-01,Week 4,2026,7,1,182,1.1269999999999993,-3.0009999999999994,83024,0.0,0.0,0.0,0
2026-07-02,Week 4,2026,7,2,183,1.6440000000000017,-2.4559999999999973,83024,2.0401333333333316,0.0,0.0,0
2026-07-03,Week 4,2026,7,3,184,1.9310000000000003,-0.8860000000000009,83024,3.6481333333333357,2.0401333333333316,0.0,0
2026-07-04,Week 4,2026,7,4,185,3.2970000000000037,-0.807,83024,0.0,3.6481333333333357,2.0401333333333316,1
2026-07-05,Week 4,2026,7,5,186,4.531000000000006,-0.5670000000000008,83024,0.0,0.0,3.6481333333333357,1
2026-07-06,Week 4,2026,7,6,187,4.782000000000005,-0.08199999999999998,83024,5.287466666666671,0.0,0.0,0
2026-07-07,Week 5,2026,7,7,188,5.2080000000000055,-0.009999999999999995,83024,0.0,5.287466666666671,0.0,0
2026-07-08,Week 5,2026,7,8,189,1.1730000000000007,-0.8180000000000001,83024,0.0,0.0,5.287466666666671,1
2026-07-09,Week 5,2026,7,9,190,-0.7349999999999998,-2.6259999999999972,83024,11.695466666666682,0.0,0.0,0
2026-07-10,Week 5,2026,7,10,191,-0.3800000000000001,-3.4070000000000005,83024,9.352,11.695466666666682,0.0,0
2026-07-11,Week 5,2026,7,11,192,0.6839999999999996,-3.3180000000000005,83024,7.411999999999994,9.352,11.695466666666682,0
2026-07-12,Week 5,2026,7,12,193,0.5694666666666666,-3.237000000000001,83024,10.627999999999986,7.411999999999994,9.352,0
2026-07-13,Week 5,2026,7,13,194,0.1939999999999998,-2.8919999999999977,83024,0.0,10.627999999999986,7.411999999999994,1
2026-07-14,Week 6,2026,7,14,195,-0.917000000000001,-3.0379999999999985,83024,10.81800000000001,0.0,10.627999999999986,0
2026-07-15,Week 6,2026,7,15,196,-0.834000000000001,-3.418,83024,5.139999999999997,10.81800000000001,0.0,0
2026-07-16,Week 6,2026,7,16,197,0.10699999999999997,-2.8610000000000038,83024,6.714000000000006,5.139999999999997,10.81800000000001,0
2026-07-17,Week 6,2026,7,17,198,0.1700000000000002,-2.111,83024,14.475999999999985,6.714000000000006,5.139999999999997,0
2026-07-18,Week 6,2026,7,18,199,0.6460000000000007,-5.150000000000002,83024,6.482000000000004,14.475999999999985,6.714000000000006,0
2026-07-19,Week 6,2026,7,19,200,0.23500000000000099,-5.178000000000008,83024,0.0,6.482000000000004,14.475999999999985,1
2026-07-20,Week 6,2026,7,20,201,0.5339999999999994,-4.186000000000004,83024,4.668,0.0,6.482000000000004,0
2026-07-21,Week 7,2026,7,21,202,2.547000000000003,-3.389999999999998,83024,0.0,4.668,0.0,1
2026-07-22,Week 7,2026,7,22,203,2.854000000000003,-1.651999999999999,83024,10.577999999999998,0.0,4.668,0
2026-07-23,Week 7,2026,7,23,204,-0.953999999999999,-2.6389999999999976,83024,22.61200000000003,10.577999999999998,0.0,0
2026-07-24,Week 7,2026,7,24,205,-0.4339999999999991,-3.4310000000000027,83024,7.1699999999999875,22.61200000000003,10.577999999999998,0
2026-07-25,Week 7,2026,7,25,206,0.7440000000000001,-3.6550000000000016,83024,2.664000000000002,7.1699999999999875,22.61200000000003,0
2026-07-26,Week 7,2026,7,26,207,0.6120000000000007,-2.9270000000000014,83024,4.107999999999995,2.664000000000002,7.1699999999999875,0
2026-07-27,Week 7,2026,7,27,208,0.221,-1.638000000000001,83024,12.004000000000001,4.107999999999995,2.664000000000002,0
2026-07-28,Week 8,2026,7,28,209,-0.014000000000000058,-1.847999999999999,83024,25.691999999999997,12.004000000000001,4.107999999999995,0
2026-07-29,Week 8,2026,7,29,210,-0.8440000000000006,-4.119999999999998,83024,14.964000000000006,25.691999999999997,12.004000000000001,0
2026-07-30,Week 8,2026,7,30,211,0.7199999999999995,-5.344999999999996,83024,14.860000000000003,14.964000000000006,25.691999999999997,0
2026-07-31,Week 8,2026,7,31,212,2.945000000000001,-5.037000000000001,83024,17.91999999999998,14.860000000000003,14.964000000000006,0
2026-08-01,Week 8,2026,8,1,213,3.1239999999999997,-1.2460000000000009,83024,8.708666666666668,17.91999999999998,14.860000000000003,0
2026-08-02,Week 8,2026,8,2,214,2.682999999999999,-1.2340000000000002,83024,0.0,8.708666666666668,17.91999999999998,1
2026-08-03,Week 8,2026,8,3,215,2.1179999999999986,-1.3820000000000006,83024,0.0,0.0,8.708666666666668,1
2026-08-04,Week 9,2026,8,4,216,1.9649999999999994,-1.518000000000001,83024,0.0,0.0,0.0,0
2026-08-05,Week 9,2026,8,5,217,1.3409999999999997,-2.0849999999999995,83024,0.0,0.0,0.0,0
2026-08-06,Week 9,2026,8,6,218,0.5250000000000004,-2.3579999999999983,83024,0.0,0.0,0.0,0
2026-08-07,Week 9,2026,8,7,219,0.6220000000000004,-2.2749999999999995,83024,8.08493333333333,0.0,0.0,0
2026-08-08,Week 9,2026,8,8,220,0.9780000000000002,-1.905999999999999,83024,7.741733333333335,8.08493333333333,0.0,0
2026-08-09,Week 9,2026,8,9,221,1.448999999999999,-1.9650000000000003,83024,8.001733333333332,7.741733333333335,8.08493333333333,0
2026-08-10,Week 9,2026,8,10,222,3.481999999999999,-1.2799999999999998,83024,6.9199999999999955,8.001733333333332,7.741733333333335,0
2026-08-11,Week 10,2026,8,11,223,4.645999999999998,-0.6149999999999999,83024,6.827999999999998,6.9199999999999955,8.001733333333332,0
2026-08-12,Week 10,2026,8,12,224,5.198000000000004,0.7960000000000013,83024,8.078000000000005,6.827999999999998,6.9199999999999955,0
2026-08-13,Week 10,2026,8,13,225,4.991000000000005,1.2410000000000005,83024,8.006000000000007,8.078000000000005,6.827999999999998,0
2026-08-14,Week 10,2026,8,14,226,4.876000000000005,1.1369999999999996,83024,7.934000000000006,8.006000000000007,8.078000000000005,0
2026-08-15,Week 10,2026,8,15,227,6.515999999999998,1.768000000000002,83024,6.960000000000005,7.934000000000006,8.006000000000007,0
2026-08-16,Week 10,2026,8,16,228,6.020999999999999,1.9730000000000012,83024,7.794,6.960000000000005,7.934000000000006,0
2026-08-17,Week 10,2026,8,17,229,3.831000000000001,0.8100000000000006,83024,9.241999999999997,7.794,6.960000000000005,0
2026-08-18,Week 11,2026,8,18,230,2.6480000000000015,-0.40900000000000003,83024,10.924000000000005,9.241999999999997,7.794,0
2026-08-19,Week 11,2026,8,19,231,3.5150000000000006,-0.4279999999999998,83024,11.261999999999999,10.924000000000005,9.241999999999997,0
2026-08-20,Week 11,2026,8,20,232,4.680999999999996,0.4970000000000007,83024,9.443999999999996,11.261999999999999,10.924000000000005,0
2026-08-21,Week 11,2026,8,21,233,4.213,1.1130000000000004,83024,9.215999999999994,9.443999999999996,11.261999999999999,0
2026-08-22,Week 11,2026,8,22,234,3.366000000000002,0.8239999999999997,83024,12.64,9.215999999999994,9.443999999999996,0
2026-08-23,Week 11,2026,8,23,235,3.743000000000001,0.04900000000000006,83024,15.116000000000007,12.64,9.215999999999994,0
2026-08-24,Week 11,2026,8,24,236,5.329000000000004,0.3939999999999998,83024,9.451999999999996,15.116000000000007,12.64,0
2026-08-25,Week 12,2026,8,25,237,7.36300000000001,1.5410000000000008,83024,9.333857142857136,9.451999999999996,15.116000000000007,0
2026-08-26,Week 12,2026,8,26,238,6.046000000000006,1.7179999999999995,83024,10.130142857142861,9.333857142857136,9.451999999999996,0
2026-08-27,Week 12,2026,8,27,239,5.333000000000003,1.0299999999999996,83024,10.15400000000001,10.130142857142861,9.333857142857136,0
2026-08-28,Week 12,2026,8,28,240,4.740999999999997,0.940999999999999,83024,14.957999999999995,10.15400000000001,10.130142857142861,0
2026-08-29,Week 12,2026,8,29,241,3.615,0.48399999999999965,83024,13.736,14.957999999999995,10.15400000000001,0
2026-08-30,Week 12,2026,8,30,242,3.944000000000003,-1.216,83024,15.494000000000002,13.736,14.957999999999995,0
2026-08-31,Week 12,2026,8,31,243,3.640999999999998,-1.484000000000001,83024,20.04599999999998,15.494000000000002,13.736,0
2026-09-01,Week 13,2026,9,1,244,3.3599999999999968,-0.9930000000000017,83024,9.043200000000011,20.04599999999998,15.494000000000002,0
2026-09-02,Week 13,2026,9,2,245,2.8609999999999967,-1.467000000000001,83024,8.414933333333337,9.043200000000011,20.04599999999998,0
2026-09-03,Week 13,2026,9,3,246,4.908999999999999,-2.038,83024,8.592933333333335,8.414933333333337,9.043200000000011,0
2026-09-04,Week 13,2026,9,4,247,6.315,-2.055999999999997,83024,0.0,8.592933333333335,8.414933333333337,0
2026-09-05,Week 13,2026,9,5,248,6.927000000000004,-0.6790000000000006,83024,8.051866666666667,0.0,8.592933333333335,0
2026-09-06,Week 13,2026,9,6,249,8.905999999999995,0.8049999999999994,83024,6.905066666666671,8.051866666666667,0.0,0
2026-09-07,Week 13,2026,9,7,250,8.873999999999995,1.1159999999999999,83024,11.125466666666677,6.905066666666671,8.051866666666667,0
2026-09-08,Week 14,2026,9,8,251,4.702999999999995,-0.3920000000000002,83024,13.873733333333341,11.125466666666677,6.905066666666671,0
2026-09-09,Week 14,2026,9,9,252,3.751999999999995,-0.9129999999999994,83024,19.995733333333344,13.873733333333341,11.125466666666677,0
2026-09-10,Week 14,2026,9,10,253,6.746999999999997,-0.5900000000000004,83024,9.242000000000006,19.995733333333344,13.873733333333341,0
2026-09-11,Week 14,2026,9,11,254,8.248000000000001,0.1610000000000001,83024,9.668000000000001,9.242000000000006,19.995733333333344,0
2026-09-12,Week 14,2026,9,12,255,7.100000000000009,0.04999999999999991,83024,11.322000000000001,9.668000000000001,9.242000000000006,0
2026-09-13,Week 14,2026,9,13,256,6.44,-0.9360000000000005,83024,12.296000000000001,11.322000000000001,9.668000000000001,0
2026-09-14,Week 14,2026,9,14,257,4.464999999999995,-1.1110000000000004,83024,9.565999999999995,12.296000000000001,11.322000000000001,0
2026-09-15,Week 15,2026,9,15,258,1.3950000000000014,-2.86,83024,7.515999999999996,9.565999999999995,12.296000000000001,0
2026-09-16,Week 15,2026,9,16,259,1.561000000000002,-4.687999999999999,83024,9.25,7.515999999999996,9.565999999999995,0
2026-09-17,Week 15,2026,9,17,260,2.4920000000000004,-3.8960000000000004,83024,9.318000000000001,9.25,7.515999999999996,0
2026-09-18,Week 15,2026,9,18,261,4.750999999999996,-1.8239999999999992,83024,7.555142857142854,9.318000000000001,9.25,0
2026-09-19,Week 15,2026,9,19,262,4.637999999999998,-0.45099999999999957,83024,8.653999999999995,7.555142857142854,9.318000000000001,0
2026-09-20,Week 15,2026,9,20,263,2.2450000000000037,-1.1200000000000006,83024,8.783999999999995,8.653999999999995,7.555142857142854,0
2026-09-21,Week 15,2026,9,21,264,1.7409999999999994,-2.4079999999999973,83024,14.038000000000002,8.783999999999995,8.653999999999995,0
2026-06-09,Week 1,2026,6,9,160,0.25700000000000034,-3.3340000000000005,83084,6.30066666666666,0.0,0.0,0
2026-06-10,Week 1,2026,6,10,161,-0.13799999999999993,-3.0310000000000032,83084,5.597333333333329,6.30066666666666,0.0,0
2026-06-11,Week 1,2026,6,11,162,-0.05299999999999991,-3.8369999999999975,83084,4.0893333333333315,5.597333333333329,6.30066666666666,0
2026-06-12,Week 1,2026,6,12,163,0.14899999999999997,-3.786000000000003,83084,4.6393333333333295,4.0893333333333315,5.597333333333329,0
2026-06-13,Week 1,2026,6,13,164,0.6259999999999991,-3.795999999999999,83084,0.0,4.6393333333333295,4.0893333333333315,1
2026-06-14,Week 1,2026,6,14,165,0.20699999999999996,-3.2019999999999995,83084,0.0,0.0,4.6393333333333295,1
2026-06-15,Week 1,2026,6,15,166,-0.5589999999999997,-2.3019999999999987,83084,0.0,0.0,0.0,0
2026-06-16,Week 2,2026,6,16,167,-0.9219999999999997,-2.9350000000000023,83084,0.0,0.0,0.0,0
2026-06-17,Week 2,2026,6,17,168,-0.7,-3.272000000000005,83084,2.838000000000004,0.0,0.0,0
2026-06-18,Week 2,2026,6,18,169,2.163999999999997,-4.537000000000005,83084,2.3536000000000015,2.838000000000004,0.0,0
2026-06-19,Week 2,2026,6,19,170,3.9580000000000024,-2.3760000000000034,83084,2.193999999999998,2.3536000000000015,2.838000000000004,0
2026-06-20,Week 2,2026,6,20,171,5.619000000000008,-0.32300000000000045,83084,0.0,2.193999999999998,2.3536000000000015,0
2026-06-21,Week 2,2026,6,21,172,6.47600000000001,1.4500000000000008,83084,0.0,0.0,2.193999999999998,0
2026-06-22,Week 2,2026,6,22,173,6.057999999999995,1.455,83084,0.0,0.0,0.0,0
2026-06-23,Week 3,2026,6,23,174,4.882999999999994,0.18299999999999983,83084,7.055866666666661,0.0,0.0,0
2026-06-24,Week 3,2026,6,24,175,1.5549999999999995,-0.46900000000000064,83084,49.97285714285714,7.055866666666661,0.0,0
2026-06-25,Week 3,2026,6,25,176,-1.5860000000000019,-3.514999999999996,83084,10.874000000000017,49.97285714285714,7.055866666666661,0
2026-06-26,Week 3,2026,6,26,177,-0.8890000000000013,-5.855999999999999,83084,4.319999999999995,10.874000000000017,49.97285714285714,0
2026-06-27,Week 3,2026,6,27,178,1.6210000000000016,-4.750000000000005,83084,3.048285714285713,4.319999999999995,10.874000000000017,0
2026-06-28,Week 3,2026,6,28,179,1.5990000000000004,-3.1929999999999974,83084,3.3642857142857157,3.048285714285713,4.319999999999995,0
2026-06-29,Week 3,2026,6,29,180,2.101999999999997,-4.147999999999996,83084,0.0,3.3642857142857157,3.048285714285713,1
2026-06-30,Week 4,2026,6,30,181,-0.5349999999999993,-3.579857142857138,83084,0.0,0.0,3.3642857142857157,1
2026-07-01,Week 4,2026,7,1,182,0.9270000000000007,-3.498000000000001,83084,0.0,0.0,0.0,0
2026-07-02,Week 4,2026,7,2,183,1.2641428571428586,-2.660000000000002,83084,3.9102857142857097,0.0,0.0,0
2026-07-03,Week 4,2026,7,3,184,1.1684285714285718,-1.6199999999999992,83084,5.355142857142852,3.9102857142857097,0.0,0
2026-07-04,Week 4,2026,7,4,185,2.6437142857142883,-1.5800000000000016,83084,1.2274285714285735,5.355142857142852,3.9102857142857097,0
2026-07-05,Week 4,2026,7,5,186,3.6699999999999995,-1.4270000000000025,83084,0.0,1.2274285714285735,5.355142857142852,1
2026-07-06,Week 4,2026,7,6,187,4.318000000000003,-1.0530000000000013,83084,0.0,0.0,1.2274285714285735,0
2026-07-07,Week 5,2026,7,7,188,4.759000000000006,-1.3859999999999995,83084,1.2039999999999984,0.0,0.0,0
2026-07-08,Week 5,2026,7,8,189,0.7092857142857139,-1.4369999999999985,83084,1.5739999999999994,1.2039999999999984,0.0,0
2026-07-09,Week 5,2026,7,9,190,-1.1657142857142873,-2.855199999999995,83084,5.975733333333341,1.5739999999999994,1.2039999999999984,0
2026-07-10,Week 5,2026,7,10,191,-0.8952857142857156,-3.6467999999999936,83084,4.22973333333334,5.975733333333341,1.5739999999999994,0
2026-07-11,Week 5,2026,7,11,192,0.1540857142857143,-3.6810666666666627,83084,6.5498666666666665,4.22973333333334,5.975733333333341,0
2026-07-12,Week 5,2026,7,12,193,-0.12560000000000004,-4.857133333333334,83084,8.82399999999999,6.5498666666666665,4.22973333333334,0
2026-07-13,Week 5,2026,7,13,194,-0.17999999999999988,-4.832333333333338,83084,0.0,8.82399999999999,6.5498666666666665,1
2026-07-14,Week 6,2026,7,14,195,-1.1059999999999985,-4.681999999999995,83084,7.281999999999994,0.0,8.82399999999999,0
2026-07-15,Week 6,2026,7,15,196,-1.4749999999999976,-4.396000000000003,83084,4.572,7.281999999999994,0.0,0
2026-07-16,Week 6,2026,7,16,197,-0.4380000000000003,-4.214999999999996,83084,2.6119999999999974,4.572,7.281999999999994,0
2026-07-17,Week 6,2026,7,17,198,-0.2533333333333334,-2.838999999999996,83084,4.211999999999996,2.6119999999999974,4.572,0
2026-07-18,Week 6,2026,7,18,199,0.5445333333333329,-5.001000000000002,83084,4.000533333333332,4.211999999999996,2.6119999999999974,0
2026-07-19,Week 6,2026,7,19,200,-0.9070000000000001,-4.97,83084,0.0,4.000533333333332,4.211999999999996,1
2026-07-20,Week 6,2026,7,20,201,0.15213333333333312,-3.7869999999999964,83084,2.569333333333331,0.0,4.000533333333332,0
2026-07-21,Week 7,2026,7,21,202,2.7215999999999987,-2.449999999999997,83084,0.0,2.569333333333331,0.0,1
2026-07-22,Week 7,2026,7,22,203,2.7335333333333343,-1.1039999999999985,83084,6.657333333333323,0.0,2.569333333333331,0
2026-07-23,Week 7,2026,7,23,204,-0.7620000000000006,-3.182800000000002,83084,15.613466666666659,6.657333333333323,0.0,0
2026-07-24,Week 7,2026,7,24,205,0.015999999999999865,-4.135599999999996,83084,6.883333333333336,15.613466666666659,6.657333333333323,0
2026-07-25,Week 7,2026,7,25,206,3.5789999999999997,-3.9959999999999964,83084,4.698000000000003,6.883333333333336,15.613466666666659,0
2026-07-26,Week 7,2026,7,26,207,0.8322666666666665,-2.580000000000002,83084,9.159999999999998,4.698000000000003,6.883333333333336,0
2026-07-27,Week 7,2026,7,27,208,0.3031999999999998,-1.463,83084,27.75628571428574,9.159999999999998,4.698000000000003,0
2026-07-28,Week 8,2026,7,28,209,0.20446666666666677,-1.3340000000000005,83084,26.684857142857155,27.75628571428574,9.159999999999998,0
2026-07-29,Week 8,2026,7,29,210,0.19533333333333336,-1.8997142857142861,83084,22.056857142857144,26.684857142857155,27.75628571428574,0
2026-07-30,Week 8,2026,7,30,211,0.5910000000000001,-2.0699999999999985,83084,12.624714285714285,22.056857142857144,26.684857142857155,0
2026-07-31,Week 8,2026,7,31,212,2.0459999999999985,-2.0985714285714265,83084,13.967000000000002,12.624714285714285,22.056857142857144,0
2026-08-01,Week 8,2026,8,1,213,3.6817857142857138,-1.6,83084,5.854428571428571,13.967000000000002,12.624714285714285,0
2026-08-02,Week 8,2026,8,2,214,3.035785714285716,-1.7255,83084,5.772142857142857,5.854428571428571,13.967000000000002,0
2026-08-03,Week 8,2026,8,3,215,2.5561428571428593,-1.6594999999999993,83084,0.0,5.772142857142857,5.854428571428571,1
2026-08-04,Week 9,2026,8,4,216,1.8172142857142866,-1.5674999999999988,83084,0.0,0.0,5.772142857142857,1
2026-08-05,Week 9,2026,8,5,217,1.2475714285714283,-2.337999999999999,83084,17.877285714285737,0.0,0.0,0
2026-08-06,Week 9,2026,8,6,218,1.154785714285713,-3.03,83084,8.55457142857142,17.877285714285737,0.0,0
2026-08-07,Week 9,2026,8,7,219,1.5887142857142846,-2.699000000000002,83084,8.348285714285709,8.55457142857142,17.877285714285737,0
2026-08-08,Week 9,2026,8,8,220,1.618357142857142,-2.1235000000000017,83084,0.0,8.348285714285709,8.55457142857142,1
2026-08-09,Week 9,2026,8,9,221,1.4662142857142855,-1.9600000000000006,83084,0.0,0.0,8.348285714285709,1
2026-08-10,Week 9,2026,8,10,222,1.655785714285714,-1.6224142857142863,83084,0.0,0.0,0.0,0
2026-08-11,Week 10,2026,8,11,223,1.8372142857142868,-1.639714285714286,83084,0.0,0.0,0.0,0
2026-08-12,Week 10,2026,8,12,224,2.653571428571427,-2.103357142857143,83084,9.485085714285711,0.0,0.0,0
2026-08-13,Week 10,2026,8,13,225,4.8055714285714295,-1.5940000000000003,83084,9.543428571428569,9.485085714285711,0.0,0
2026-08-14,Week 10,2026,8,14,226,5.768142857142863,0.7827857142857134,83084,7.890285714285717,9.543428571428569,9.485085714285711,0
2026-08-15,Week 10,2026,8,15,227,6.7209999999999965,1.5380000000000016,83084,6.759904761904766,7.890285714285717,9.543428571428569,0
2026-08-16,Week 10,2026,8,16,228,5.470857142857136,1.6860000000000002,83084,6.867428571428573,6.759904761904766,7.890285714285717,0
2026-08-17,Week 10,2026,8,17,229,3.2907142857142873,0.512,83084,10.324835164835163,6.867428571428573,6.759904761904766,0
2026-08-18,Week 11,2026,8,18,230,1.2169285714285702,-0.739714285714286,83084,12.477692307692307,10.324835164835163,6.867428571428573,0
2026-08-19,Week 11,2026,8,19,231,1.938285714285717,-2.138,83084,13.303384615384616,12.477692307692307,10.324835164835163,0
2026-08-20,Week 11,2026,8,20,232,4.1312857142857125,-1.9001428571428578,83084,12.240153846153843,13.303384615384616,12.477692307692307,0
2026-08-21,Week 11,2026,8,21,233,4.529214285714285,-0.06857142857142857,83084,15.31215384615384,12.240153846153843,13.303384615384616,0
2026-08-22,Week 11,2026,8,22,234,3.2760000000000002,1.2929999999999995,83084,16.063384615384614,15.31215384615384,12.240153846153843,0
2026-08-23,Week 11,2026,8,23,235,3.2570000000000037,-0.31000000000000044,83084,15.435558974358987,16.063384615384614,15.31215384615384,0
2026-08-24,Week 11,2026,8,24,236,5.258999999999999,-0.1199999999999999,83084,12.474142857142859,15.435558974358987,16.063384615384614,0
2026-08-25,Week 12,2026,8,25,237,6.907000000000002,1.1549999999999998,83084,11.777571428571424,12.474142857142859,15.435558974358987,0
2026-08-26,Week 12,2026,8,26,238,6.212000000000001,1.6269999999999982,83084,18.177571428571415,11.777571428571424,12.474142857142859,0
2026-08-27,Week 12,2026,8,27,239,4.179999999999997,0.9179999999999997,83084,23.33357142857143,18.177571428571415,11.777571428571424,0
2026-08-28,Week 12,2026,8,28,240,2.716,0.6789999999999998,83084,16.027714285714275,23.33357142857143,18.177571428571415,0
2026-08-29,Week 12,2026,8,29,241,2.6949999999999985,0.45799999999999935,83084,13.71757142857143,16.027714285714275,23.33357142857143,0
2026-08-30,Week 12,2026,8,30,242,2.6670000000000003,-1.2469999999999997,83084,15.84714285714286,13.71757142857143,16.027714285714275,0
2026-08-31,Week 12,2026,8,31,243,3.136,-1.552000000000001,83084,15.930999999999997,15.84714285714286,13.71757142857143,0
2026-09-01,Week 13,2026,9,1,244,3.729357142857141,-1.571,83084,6.014666666666668,15.930999999999997,15.84714285714286,0
2026-09-02,Week 13,2026,9,2,245,3.578999999999996,-2.2299999999999986,83084,5.917333333333333,6.014666666666668,15.930999999999997,0
2026-09-03,Week 13,2026,9,3,246,4.808999999999996,-2.463999999999998,83084,5.251999999999997,5.917333333333333,6.014666666666668,0
2026-09-04,Week 13,2026,9,4,247,7.275000000000008,-1.765999999999999,83084,7.775428571428575,5.251999999999997,5.917333333333333,0
2026-09-05,Week 13,2026,9,5,248,6.127000000000002,-0.6429999999999993,83084,4.426142857142854,7.775428571428575,5.251999999999997,0
2026-09-06,Week 13,2026,9,6,249,7.074000000000005,0.21099999999999997,83084,4.731999999999998,4.426142857142854,7.775428571428575,0
2026-09-07,Week 13,2026,9,7,250,7.643000000000003,0.9250000000000008,83084,7.1400000000000015,4.731999999999998,4.426142857142854,0
2026-09-08,Week 14,2026,9,8,251,3.3970000000000034,-0.8679999999999992,83084,16.402000000000008,7.1400000000000015,4.731999999999998,0
2026-09-09,Week 14,2026,9,9,252,2.3630000000000013,-1.9529999999999992,83084,0.0,16.402000000000008,7.1400000000000015,1
2026-09-10,Week 14,2026,9,10,253,4.899000000000004,-1.2879999999999985,83084,0.0,0.0,16.402000000000008,1
2026-09-11,Week 14,2026,9,11,254,8.079,0.1150000000000002,83084,0.0,0.0,0.0,0
2026-09-12,Week 14,2026,9,12,255,7.218000000000004,0.6700000000000003,83084,0.0,0.0,0.0,0
2026-09-13,Week 14,2026,9,13,256,6.514000000000003,-1.2729999999999984,83084,11.675999999999997,0.0,0.0,0
2026-09-14,Week 14,2026,9,14,257,5.5009999999999994,-1.9810000000000016,83084,0.0,11.675999999999997,0.0,0
2026-09-15,Week 15,2026,9,15,258,3.494999999999997,-2.764000000000001,83084,0.0,0.0,11.675999999999997,1
2026-09-16,Week 15,2026,9,16,259,2.8649999999999984,-5.56599999999999,83084,0.0,0.0,0.0,0
2026-09-17,Week 15,2026,9,17,260,4.423999999999997,-4.556999999999997,83084,0.0,0.0,0.0,0
2026-09-18,Week 15,2026,9,18,261,5.495999999999998,-2.6040000000000028,83084,0.0,0.0,0.0,0
2026-09-19,Week 15,2026,9,19,262,4.582000000000001,-1.2590000000000008,83084,0.0,0.0,0.0,0
2026-09-20,Week 15,2026,9,20,263,1.0939999999999994,-2.320000000000002,83084,0.0,0.0,0.0,0
2026-09-21,Week 15,2026,9,21,264,1.166999999999999,-2.6370000000000022,83084,14.54199999999999,0.0,0.0,0
2026-06-09,Week 1,2026,6,9,160,-0.34600000000000025,-3.589000000000004,83085,7.778000000000005,0.0,0.0,0
2026-06-10,Week 1,2026,6,10,161,-0.5019999999999996,-3.049999999999997,83085,2.0704285714285677,7.778000000000005,0.0,0
2026-06-11,Week 1,2026,6,11,162,-0.5979999999999994,-3.4149999999999996,83085,1.361714285714284,2.0704285714285677,7.778000000000005,0
2026-06-12,Week 1,2026,6,12,163,-0.5069999999999996,-4.057999999999998,83085,0.0,1.361714285714284,2.0704285714285677,1
2026-06-13,Week 1,2026,6,13,164,-0.027999999999999917,-3.988999999999999,83085,0.0,0.0,1.361714285714284,0
2026-06-14,Week 1,2026,6,14,165,-1.0169999999999986,-3.4410000000000043,83085,0.0,0.0,0.0,0
2026-06-15,Week 1,2026,6,15,166,-1.2270000000000005,-3.0089999999999977,83085,1.310999999999998,0.0,0.0,0
2026-06-16,Week 2,2026,6,16,167,-1.6900000000000026,-3.387000000000001,83085,1.7010769230769216,1.310999999999998,0.0,0
2026-06-17,Week 2,2026,6,17,168,-1.9469999999999976,-3.684000000000004,83085,3.3510769230769197,1.7010769230769216,1.310999999999998,0
2026-06-18,Week 2,2026,6,18,169,-0.6610000000000008,-5.071999999999996,83085,2.276615384615387,3.3510769230769197,1.7010769230769216,0
2026-06-19,Week 2,2026,6,19,170,2.5470000000000006,-5.243999999999993,83085,1.768307692307692,2.276615384615387,3.3510769230769197,0
2026-06-20,Week 2,2026,6,20,171,4.829999999999994,-3.0770000000000026,83085,0.0,1.768307692307692,2.276615384615387,1
2026-06-21,Week 2,2026,6,21,172,5.366999999999998,0.6680000000000007,83085,0.0,0.0,1.768307692307692,0
2026-06-22,Week 2,2026,6,22,173,4.833846153846156,1.3203076923076922,83085,0.0,0.0,0.0,0
2026-06-23,Week 3,2026,6,23,174,3.9658461538461585,-0.2945384615384613,83085,13.894000000000007,0.0,0.0,0
2026-06-24,Week 3,2026,6,24,175,0.6259999999999994,-0.9770000000000003,83085,62.31599999999996,13.894000000000007,0.0,0
2026-06-25,Week 3,2026,6,25,176,-1.9688461538461552,-3.942153846153846,83085,18.426000000000027,62.31599999999996,13.894000000000007,0
2026-06-26,Week 3,2026,6,26,177,-1.0570000000000006,-5.601692307692311,83085,0.0,18.426000000000027,62.31599999999996,1
2026-06-27,Week 3,2026,6,27,178,-0.011000000000000098,-4.525000000000002,83085,0.0,0.0,18.426000000000027,1
2026-06-28,Week 3,2026,6,28,179,0.4616153846153844,-3.561461538461541,83085,3.997999999999996,0.0,0.0,0
2026-06-29,Week 3,2026,6,29,180,1.571307692307691,-3.5530769230769206,83085,0.0,3.997999999999996,0.0,1
2026-06-30,Week 4,2026,6,30,181,-1.4112857142857154,-3.5932307692307677,83085,0.0,0.0,3.997999999999996,1
2026-07-01,Week 4,2026,7,1,182,0.6250000000000006,-4.283000000000007,83085,2.214000000000001,0.0,0.0,0
2026-07-02,Week 4,2026,7,2,183,0.8899999999999983,-3.5310000000000032,83085,1.0199999999999987,2.214000000000001,0.0,0
2026-07-03,Week 4,2026,7,3,184,0.4270000000000001,-2.301999999999997,83085,1.5159999999999976,1.0199999999999987,2.214000000000001,0
2026-07-04,Week 4,2026,7,4,185,1.5389999999999984,-2.164000000000001,83085,0.0,1.5159999999999976,1.0199999999999987,0
2026-07-05,Week 4,2026,7,5,186,2.670999999999999,-1.931999999999999,83085,0.0,0.0,1.5159999999999976,0
2026-07-06,Week 4,2026,7,6,187,3.0820000000000003,-1.474,83085,0.0,0.0,0.0,0
2026-07-07,Week 5,2026,7,7,188,4.176000000000005,-1.334999999999999,83085,1.9097142857142837,0.0,0.0,0
2026-07-08,Week 5,2026,7,8,189,0.5120000000000002,-1.431,83085,1.9607142857142883,1.9097142857142837,0.0,0
2026-07-09,Week 5,2026,7,9,190,-1.232000000000001,-2.9999999999999987,83085,8.74357142857142,1.9607142857142883,1.9097142857142837,0
2026-07-10,Week 5,2026,7,10,191,-0.9359999999999994,-3.6519999999999966,83085,5.773999999999996,8.74357142857142,1.9607142857142883,0
2026-07-11,Week 5,2026,7,11,192,-0.21300000000000005,-4.008000000000002,83085,0.0,5.773999999999996,8.74357142857142,1
2026-07-12,Week 5,2026,7,12,193,-0.099,-4.999999999999995,83085,5.728571428571435,0.0,5.773999999999996,0
2026-07-13,Week 5,2026,7,13,194,-0.5420000000000005,-4.983000000000004,83085,0.0,5.728571428571435,0.0,1
2026-07-14,Week 6,2026,7,14,195,-2.0980000000000016,-4.691999999999998,83085,10.461999999999987,0.0,5.728571428571435,0
2026-07-15,Week 6,2026,7,15,196,-2.029000000000003,-4.594999999999998,83085,1.956,10.461999999999987,0.0,0
2026-07-16,Week 6,2026,7,16,197,-0.8959999999999992,-4.5449999999999955,83085,1.0620000000000003,1.956,10.461999999999987,0
2026-07-17,Week 6,2026,7,17,198,-1.0119999999999993,-3.380999999999999,83085,1.3060000000000007,1.0620000000000003,1.956,0
2026-07-18,Week 6,2026,7,18,199,-0.9759999999999991,-5.258000000000006,83085,2.2379999999999973,1.3060000000000007,1.0620000000000003,0
2026-07-19,Week 6,2026,7,19,200,-1.5890000000000024,-5.9030000000000085,83085,0.0,2.2379999999999973,1.3060000000000007,1
2026-07-20,Week 6,2026,7,20,201,-0.7439999999999997,-4.787999999999996,83085,0.0,0.0,2.2379999999999973,1
2026-07-21,Week 7,2026,7,21,202,1.4850000000000012,-3.2190000000000007,83085,6.753999999999999,0.0,0.0,0
2026-07-22,Week 7,2026,7,22,203,1.5780000000000003,-2.1529999999999982,83085,9.091999999999992,6.753999999999999,0.0,0
2026-07-23,Week 7,2026,7,23,204,-1.7010000000000007,-3.3730000000000024,83085,28.48600000000001,9.091999999999992,6.753999999999999,0
2026-07-24,Week 7,2026,7,24,205,-0.9920000000000008,-4.0630000000000015,83085,0.0,28.48600000000001,9.091999999999992,1
2026-07-25,Week 7,2026,7,25,206,0.5190000000000002,-4.4199999999999955,83085,0.0,0.0,28.48600000000001,1
2026-07-26,Week 7,2026,7,26,207,0.12699999999999986,-3.4069999999999947,83085,13.594000000000001,0.0,0.0,0
2026-07-27,Week 7,2026,7,27,208,-0.185,-2.2580000000000013,83085,34.00799999999997,13.594000000000001,0.0,0
2026-07-28,Week 8,2026,7,28,209,-0.3840000000000007,-2.307999999999998,83085,30.012000000000015,34.00799999999997,13.594000000000001,0
2026-07-29,Week 8,2026,7,29,210,-2.6679999999999984,-5.7059999999999995,83085,27.004,30.012000000000015,34.00799999999997,0
2026-07-30,Week 8,2026,7,30,211,-1.8360000000000023,-7.446000000000003,83085,25.374000000000002,27.004,30.012000000000015,0
2026-07-31,Week 8,2026,7,31,212,0.4040000000000001,-7.136000000000004,83085,0.0,25.374000000000002,27.004,1
2026-08-01,Week 8,2026,8,1,213,2.0840000000000014,-2.5170000000000012,83085,3.8639999999999977,0.0,25.374000000000002,0
2026-08-02,Week 8,2026,8,2,214,1.5119999999999996,-2.524,83085,4.400000000000001,3.8639999999999977,0.0,0
2026-08-03,Week 8,2026,8,3,215,0.8009999999999998,-2.504999999999999,83085,0.0,4.400000000000001,3.8639999999999977,1
2026-08-04,Week 9,2026,8,4,216,0.3600000000000004,-3.0190000000000015,83085,0.0,0.0,4.400000000000001,1
2026-08-05,Week 9,2026,8,5,217,0.016999999999999963,-3.7070000000000025,83085,13.781714285714273,0.0,0.0,0
2026-08-06,Week 9,2026,8,6,218,-0.2970000000000001,-3.7370000000000037,83085,6.6797142857142875,13.781714285714273,0.0,0
2026-08-07,Week 9,2026,8,7,219,0.032153846153846026,-3.4740769230769257,83085,6.54571428571429,6.6797142857142875,13.781714285714273,0
2026-08-08,Week 9,2026,8,8,220,0.647,-3.452,83085,0.0,6.54571428571429,6.6797142857142875,1
2026-08-09,Week 9,2026,8,9,221,1.0180000000000013,-3.3569999999999975,83085,0.0,0.0,6.54571428571429,1
2026-08-10,Week 9,2026,8,10,222,2.9609999999999963,-2.507999999999999,83085,5.027714285714282,0.0,0.0,0
2026-08-11,Week 10,2026,8,11,223,4.748999999999999,-1.2919999999999983,83085,0.0,5.027714285714282,0.0,1
2026-08-12,Week 10,2026,8,12,224,4.442,-0.2960000000000005,83085,0.0,0.0,5.027714285714282,1
2026-08-13,Week 10,2026,8,13,225,3.724999999999996,0.7499999999999996,83085,4.201999999999997,0.0,0.0,0
2026-08-14,Week 10,2026,8,14,226,3.8589999999999987,1.051999999999999,83085,6.62,4.201999999999997,0.0,0
2026-08-15,Week 10,2026,8,15,227,5.637000000000001,1.3969999999999987,83085,2.7819999999999943,6.62,4.201999999999997,0
2026-08-16,Week 10,2026,8,16,228,5.348000000000004,1.4499999999999984,83085,5.231999999999997,2.7819999999999943,6.62,0
2026-08-17,Week 10,2026,8,17,229,3.3670000000000004,0.66,83085,11.675333333333338,5.231999999999997,2.7819999999999943,0
2026-08-18,Week 11,2026,8,18,230,1.9580000000000024,-0.6260000000000003,83085,19.549846153846165,11.675333333333338,5.231999999999997,0
2026-08-19,Week 11,2026,8,19,231,2.322000000000003,-0.979999999999999,83085,0.0,19.549846153846165,11.675333333333338,1
2026-08-20,Week 11,2026,8,20,232,3.5980000000000043,-0.4030000000000004,83085,0.0,0.0,19.549846153846165,1
2026-08-21,Week 11,2026,8,21,233,3.714000000000005,0.19900000000000012,83085,20.843999999999987,0.0,0.0,0
2026-08-22,Week 11,2026,8,22,234,2.3510000000000004,0.3149999999999997,83085,24.349999999999987,20.843999999999987,0.0,0
2026-08-23,Week 11,2026,8,23,235,2.691000000000003,-0.45099999999999946,83085,25.899999999999995,24.349999999999987,20.843999999999987,0
2026-08-24,Week 11,2026,8,24,236,5.112000000000008,-0.07300000000000004,83085,25.307999999999993,25.899999999999995,24.349999999999987,0
2026-08-25,Week 12,2026,8,25,237,6.359000000000001,0.762,83085,19.471999999999976,25.307999999999993,25.899999999999995,0
2026-08-26,Week 12,2026,8,26,238,4.592,0.6160000000000008,83085,26.455999999999968,19.471999999999976,25.307999999999993,0
2026-08-27,Week 12,2026,8,27,239,3.5709999999999993,0.20199999999999993,83085,40.66399999999998,26.455999999999968,19.471999999999976,0
2026-08-28,Week 12,2026,8,28,240,2.707000000000001,0.09699999999999974,83085,18.13799999999999,40.66399999999998,26.455999999999968,0
2026-08-29,Week 12,2026,8,29,241,2.2640000000000002,-0.8419999999999994,83085,17.957999999999984,18.13799999999999,40.66399999999998,0
2026-08-30,Week 12,2026,8,30,242,2.2249999999999988,-1.6690000000000007,83085,18.031999999999993,17.957999999999984,18.13799999999999,0
2026-08-31,Week 12,2026,8,31,243,2.471999999999996,-2.0879999999999983,83085,28.038,18.031999999999993,17.957999999999984,0
2026-09-01,Week 13,2026,9,1,244,2.9920000000000004,-2.4780000000000046,83085,6.741999999999995,28.038,18.031999999999993,0
2026-09-02,Week 13,2026,9,2,245,2.553,-2.8410000000000037,83085,7.045999999999995,6.741999999999995,28.038,0
2026-09-03,Week 13,2026,9,3,246,4.198999999999997,-1.922000000000001,83085,6.470000000000007,7.045999999999995,6.741999999999995,0
2026-09-04,Week 13,2026,9,4,247,5.119000000000003,-2.6950000000000016,83085,14.474000000000004,6.470000000000007,7.045999999999995,0
2026-09-05,Week 13,2026,9,5,248,5.213000000000002,-1.7119999999999993,83085,9.974000000000013,14.474000000000004,6.470000000000007,0
2026-09-06,Week 13,2026,9,6,249,6.734749999999992,0.06500000000000004,83085,7.937666666666669,9.974000000000013,14.474000000000004,0
2026-09-07,Week 13,2026,9,7,250,5.712666666666662,-0.12400000000000007,83085,9.052000000000003,7.937666666666669,9.974000000000013,0
2026-09-08,Week 14,2026,9,8,251,3.9037499999999983,-0.5457500000000001,83085,14.693999999999994,9.052000000000003,7.937666666666669,0
2026-09-09,Week 14,2026,9,9,252,3.932250000000002,-0.9819166666666679,83085,11.059666666666674,14.693999999999994,9.052000000000003,0
2026-09-10,Week 14,2026,9,10,253,5.628000000000003,-1.0658333333333345,83085,9.380000000000006,11.059666666666674,14.693999999999994,0
2026-09-11,Week 14,2026,9,11,254,7.289499999999989,0.008416666666666621,83085,0.0,9.380000000000006,11.059666666666674,0
2026-09-12,Week 14,2026,9,12,255,3.7501666666666686,-1.194833333333334,83085,0.0,0.0,9.380000000000006,1
2026-09-13,Week 14,2026,9,13,256,3.071833333333333,-2.201166666666663,83085,0.0,0.0,0.0,0
2026-09-14,Week 14,2026,9,14,257,2.664166666666664,-2.584166666666667,83085,0.0,0.0,0.0,0
2026-09-15,Week 15,2026,9,15,258,1.429999999999998,-3.120000000000002,83085,0.0,0.0,0.0,0
2026-09-16,Week 15,2026,9,16,259,1.2825,-5.286500000000003,83085,0.0,0.0,0.0,0
2026-09-17,Week 15,2026,9,17,260,2.586000000000003,-4.710250000000004,83085,0.0,0.0,0.0,0
2026-09-18,Week 15,2026,9,18,261,3.6194166666666674,-3.153749999999997,83085,0.0,0.0,0.0,0
2026-09-19,Week 15,2026,9,19,262,3.0317499999999997,-2.4046666666666634,83085,0.0,0.0,0.0,0
2026-09-20,Week 15,2026,9,20,263,1.3964999999999994,-2.284666666666665,83085,0.0,0.0,0.0,0
2026-09-21,Week 15,2026,9,21,264,1.2024999999999988,-2.981166666666667,83085,20.663999999999998,0.0,0.0,0
2026-06-09,Week 1,2026,6,9,160,1.6399999999999995,-1.1779999999999993,85291,24.115999999999968,0.0,0.0,0
2026-06-10,Week 1,2026,6,10,161,1.5659999999999983,-0.6059999999999991,85291,19.427999999999987,24.115999999999968,0.0,0
2026-06-11,Week 1,2026,6,11,162,1.369000000000001,-0.9369999999999997,85291,10.75799999999999,19.427999999999987,24.115999999999968,0
2026-06-12,Week 1,2026,6,12,163,1.5760000000000005,-1.5219999999999978,85291,7.059199999999989,10.75799999999999,19.427999999999987,0
2026-06-13,Week 1,2026,6,13,164,3.0459999999999985,-1.4229999999999992,85291,0.0,7.059199999999989,10.75799999999999,1
2026-06-14,Week 1,2026,6,14,165,2.9599999999999955,-1.1350000000000005,85291,0.0,0.0,7.059199999999989,1
2026-06-15,Week 1,2026,6,15,166,2.630999999999996,-1.2949999999999995,85291,0.0,0.0,0.0,0
2026-06-16,Week 2,2026,6,16,167,1.011,-1.517000000000001,85291,0.0,0.0,0.0,0
2026-06-17,Week 2,2026,6,17,168,-0.3170000000000003,-1.6400000000000032,85291,8.349999999999989,0.0,0.0,0
2026-06-18,Week 2,2026,6,18,169,2.326000000000003,-2.6310000000000024,85291,5.058000000000007,8.349999999999989,0.0,0
2026-06-19,Week 2,2026,6,19,170,5.407999999999999,-2.2889999999999975,85291,0.0,5.058000000000007,8.349999999999989,0
2026-06-20,Week 2,2026,6,20,171,7.541999999999999,-0.782,85291,0.0,0.0,5.058000000000007,0
2026-06-21,Week 2,2026,6,21,172,9.006000000000007,1.6420000000000001,85291,0.0,0.0,0.0,0
2026-06-22,Week 2,2026,6,22,173,9.04499999999999,4.275000000000005,85291,0.0,0.0,0.0,0
2026-06-23,Week 3,2026,6,23,174,5.726000000000003,1.9630000000000016,85291,7.988000000000007,0.0,0.0,0
2026-06-24,Week 3,2026,6,24,175,1.944999999999998,0.24800000000000005,85291,24.087999999999994,7.988000000000007,0.0,0
2026-06-25,Week 3,2026,6,25,176,-0.14399999999999968,-2.3630000000000018,85291,22.404000000000018,24.087999999999994,7.988000000000007,0
2026-06-26,Week 3,2026,6,26,177,0.32500000000000007,-3.291000000000001,85291,19.343999999999983,22.404000000000018,24.087999999999994,0
2026-06-27,Week 3,2026,6,27,178,1.9480000000000015,-1.571999999999999,85291,14.081999999999999,19.343999999999983,22.404000000000018,0
2026-06-28,Week 3,2026,6,28,179,2.351999999999998,-0.9530000000000013,85291,0.0,14.081999999999999,19.343999999999983,1
2026-06-29,Week 3,2026,6,29,180,1.6559999999999997,-1.2910000000000013,85291,0.0,0.0,14.081999999999999,1
2026-06-30,Week 4,2026,6,30,181,1.5220000000000002,-1.8249999999999997,85291,8.81599999999999,0.0,0.0,0
2026-07-01,Week 4,2026,7,1,182,1.7800000000000022,-1.7769999999999992,85291,17.26800000000003,8.81599999999999,0.0,0
2026-07-02,Week 4,2026,7,2,183,2.306999999999998,-1.1360000000000001,85291,39.93600000000006,17.26800000000003,8.81599999999999,0
2026-07-03,Week 4,2026,7,3,184,2.5730000000000035,-0.7170000000000004,85291,51.21399999999997,39.93600000000006,17.26800000000003,0
2026-07-04,Week 4,2026,7,4,185,5.830000000000007,-0.19799999999999968,85291,0.0,51.21399999999997,39.93600000000006,0
2026-07-05,Week 4,2026,7,5,186,5.99900000000001,-0.017999999999999995,85291,0.0,0.0,51.21399999999997,0
2026-07-06,Week 4,2026,7,6,187,8.306000000000012,0.9409999999999993,85291,0.0,0.0,0.0,0
2026-07-07,Week 5,2026,7,7,188,6.5400000000000045,0.6180000000000008,85291,0.0,0.0,0.0,0
2026-07-08,Week 5,2026,7,8,189,2.8890000000000025,0.12400000000000007,85291,0.0,0.0,0.0,0
2026-07-09,Week 5,2026,7,9,190,0.5170000000000001,-1.839000000000002,85291,20.114999999999995,0.0,0.0,0
2026-07-10,Week 5,2026,7,10,191,0.7860000000000003,-2.147000000000003,85291,12.69999999999999,20.114999999999995,0.0,0
2026-07-11,Week 5,2026,7,11,192,2.1800000000000015,-2.541000000000001,85291,25.72000000000001,12.69999999999999,20.114999999999995,0
2026-07-12,Week 5,2026,7,12,193,2.0340000000000003,-1.7630000000000003,85291,12.205999999999982,25.72000000000001,12.69999999999999,0
2026-07-13,Week 5,2026,7,13,194,1.3339999999999999,-1.4480000000000017,85291,0.0,12.205999999999982,25.72000000000001,1
2026-07-14,Week 6,2026,7,14,195,-0.45600000000000007,-2.2680000000000002,85291,9.63399999999999,0.0,12.205999999999982,0
2026-07-15,Week 6,2026,7,15,196,0.22799999999999998,-2.600999999999997,85291,7.010000000000007,9.63399999999999,0.0,0
2026-07-16,Week 6,2026,7,16,197,1.2640000000000013,-2.0819999999999985,85291,11.338000000000006,7.010000000000007,9.63399999999999,0
2026-07-17,Week 6,2026,7,17,198,1.2990000000000015,-0.8199999999999997,85291,0.0,11.338000000000006,7.010000000000007,1
2026-07-18,Week 6,2026,7,18,199,2.68,-2.6709999999999967,85291,8.215999999999994,0.0,11.338000000000006,0
2026-07-19,Week 6,2026,7,19,200,1.9420000000000024,-2.5120000000000013,85291,0.0,8.215999999999994,0.0,1
2026-07-20,Week 6,2026,7,20,201,3.3740000000000028,-2.5329999999999977,85291,0.0,0.0,8.215999999999994,1
2026-07-21,Week 7,2026,7,21,202,3.7469999999999954,-1.9810000000000016,85291,0.0,0.0,0.0,0
2026-07-22,Week 7,2026,7,22,203,3.8309999999999955,-0.3919999999999994,85291,8.956000000000005,0.0,0.0,0
2026-07-23,Week 7,2026,7,23,204,0.6369999999999993,-2.240000000000003,85291,12.294000000000004,8.956000000000005,0.0,0
2026-07-24,Week 7,2026,7,24,205,2.2200000000000006,-2.3459999999999996,85291,8.801999999999987,12.294000000000004,8.956000000000005,0
2026-07-25,Week 7,2026,7,25,206,3.4279999999999986,-1.322000000000001,85291,0.0,8.801999999999987,12.294000000000004,1
2026-07-26,Week 7,2026,7,26,207,2.390000000000003,-1.1809999999999992,85291,4.533999999999996,0.0,8.801999999999987,0
2026-07-27,Week 7,2026,7,27,208,2.092999999999998,-0.27699999999999997,85291,6.416000000000002,4.533999999999996,0.0,0
2026-07-28,Week 8,2026,7,28,209,0.9640000000000003,-0.4880000000000001,85291,11.606000000000003,6.416000000000002,4.533999999999996,0
2026-07-29,Week 8,2026,7,29,210,0.13800000000000004,-3.215000000000001,85291,14.189999999999996,11.606000000000003,6.416000000000002,0
2026-07-30,Week 8,2026,7,30,211,2.353,-3.394,85291,12.483999999999996,14.189999999999996,11.606000000000003,0
2026-07-31,Week 8,2026,7,31,212,4.865000000000002,-3.093999999999998,85291,9.544000000000006,12.483999999999996,14.189999999999996,0
2026-08-01,Week 8,2026,8,1,213,5.649000000000006,2.1094237467877975e-17,85291,0.0,9.544000000000006,12.483999999999996,0
2026-08-02,Week 8,2026,8,2,214,6.151000000000005,0.22399999999999998,85291,0.0,0.0,9.544000000000006,0
2026-08-03,Week 8,2026,8,3,215,5.729000000000002,0.904,85291,0.0,0.0,0.0,0
2026-08-04,Week 9,2026,8,4,216,5.221000000000001,0.8880000000000001,85291,0.0,0.0,0.0,0
2026-08-05,Week 9,2026,8,5,217,3.160000000000001,-0.7050000000000005,85291,0.0,0.0,0.0,0
2026-08-06,Week 9,2026,8,6,218,2.4979999999999976,-1.083,85291,0.0,0.0,0.0,0
2026-08-07,Week 9,2026,8,7,219,2.889000000000001,-0.8630000000000011,85291,0.0,0.0,0.0,0
2026-08-08,Week 9,2026,8,8,220,3.589000000000004,-0.4370000000000005,85291,0.0,0.0,0.0,0
2026-08-09,Week 9,2026,8,9,221,3.721000000000004,-0.19399999999999992,85291,0.0,0.0,0.0,0
2026-08-10,Week 9,2026,8,10,222,4.095000000000004,-0.15399999999999994,85291,0.0,0.0,0.0,0
2026-08-11,Week 10,2026,8,11,223,5.888000000000002,0.11400000000000006,85291,0.0,0.0,0.0,0
2026-08-12,Week 10,2026,8,12,224,7.990999999999999,1.7030000000000003,85291,0.0,0.0,0.0,0
2026-08-13,Week 10,2026,8,13,225,7.884000000000006,2.4919999999999995,85291,0.0,0.0,0.0,0
2026-08-14,Week 10,2026,8,14,226,7.276000000000002,2.156999999999999,85291,0.0,0.0,0.0,0
2026-08-15,Week 10,2026,8,15,227,8.417999999999997,2.8289999999999993,85291,0.0,0.0,0.0,0
2026-08-16,Week 10,2026,8,16,228,7.848999999999994,3.3510000000000013,85291,0.0,0.0,0.0,0
2026-08-17,Week 10,2026,8,17,229,4.935999999999999,1.406714285714285,85291,0.0,0.0,0.0,0
2026-08-18,Week 11,2026,8,18,230,3.7919999999999994,-0.3025714285714283,85291,7.319999999999998,0.0,0.0,0
2026-08-19,Week 11,2026,8,19,231,4.673999999999998,-0.682571428571429,85291,7.919999999999999,7.319999999999998,0.0,0
2026-08-20,Week 11,2026,8,20,232,6.115999999999993,1.2464999999999988,85291,8.13000000000001,7.919999999999999,7.319999999999998,0
2026-08-21,Week 11,2026,8,21,233,5.021999999999998,2.0239999999999996,85291,0.0,8.13000000000001,7.919999999999999,0
2026-08-22,Week 11,2026,8,22,234,4.394000000000003,2.0240000000000005,85291,8.176000000000009,0.0,8.13000000000001,0
2026-08-23,Week 11,2026,8,23,235,5.432999999999998,0.02099999999999984,85291,11.20000000000001,8.176000000000009,0.0,0
2026-08-24,Week 11,2026,8,24,236,7.672999999999997,0.48299999999999976,85291,11.418000000000001,11.20000000000001,8.176000000000009,0
2026-08-25,Week 12,2026,8,25,237,8.570999999999996,2.420999999999999,85291,8.120000000000006,11.418000000000001,11.20000000000001,0
2026-08-26,Week 12,2026,8,26,238,6.782999999999996,2.439999999999999,85291,8.128000000000002,8.120000000000006,11.418000000000001,0
2026-08-27,Week 12,2026,8,27,239,7.027999999999995,2.182999999999998,85291,7.4200000000000035,8.128000000000002,8.120000000000006,0
2026-08-28,Week 12,2026,8,28,240,6.448999999999991,1.7629999999999983,85291,7.648000000000007,7.4200000000000035,8.128000000000002,0
2026-08-29,Week 12,2026,8,29,241,4.947999999999992,0.36099999999999993,85291,7.474000000000003,7.648000000000007,7.4200000000000035,0
2026-08-30,Week 12,2026,8,30,242,4.578999999999997,-0.23800000000000046,85291,8.270000000000003,7.474000000000003,7.648000000000007,0
2026-08-31,Week 12,2026,8,31,243,4.444000000000002,-0.39800000000000024,85291,12.681999999999999,8.270000000000003,7.474000000000003,0
2026-09-01,Week 13,2026,9,1,244,4.938000000000008,-0.3320000000000002,85291,24.118000000000023,12.681999999999999,8.270000000000003,0
2026-09-02,Week 13,2026,9,2,245,4.262000000000008,-0.9720000000000002,85291,30.932000000000027,24.118000000000023,12.681999999999999,0
2026-09-03,Week 13,2026,9,3,246,4.634000000000003,-2.177000000000001,85291,30.370000000000022,30.932000000000027,24.118000000000023,0
2026-09-04,Week 13,2026,9,4,247,7.339000000000002,-1.2460000000000009,85291,27.148833333333346,30.370000000000022,30.932000000000027,0
2026-09-05,Week 13,2026,9,5,248,7.718000000000004,0.2500000000000002,85291,24.910833333333336,27.148833333333346,30.370000000000022,0
2026-09-06,Week 13,2026,9,6,249,10.424000000000001,1.7579999999999985,85291,20.989999999999995,24.910833333333336,27.148833333333346,0
2026-09-07,Week 13,2026,9,7,250,10.104999999999997,1.7220000000000022,85291,17.879999999999992,20.989999999999995,24.910833333333336,0
2026-09-08,Week 14,2026,9,8,251,5.325000000000002,-0.25599999999999973,85291,17.18799999999999,17.879999999999992,20.989999999999995,0
2026-09-09,Week 14,2026,9,9,252,5.133000000000006,-0.4519999999999999,85291,15.949999999999998,17.18799999999999,17.879999999999992,0
2026-09-10,Week 14,2026,9,10,253,7.26799999999999,-0.40428571428571436,85291,14.759999999999993,15.949999999999998,17.18799999999999,0
2026-09-11,Week 14,2026,9,11,254,9.226999999999986,0.9084285714285711,85291,0.0,14.759999999999993,15.949999999999998,0
2026-09-12,Week 14,2026,9,12,255,5.77,1.1274285714285717,85291,0.0,0.0,14.759999999999993,0
2026-09-13,Week 14,2026,9,13,256,4.737999999999996,-0.3905714285714297,85291,12.985999999999997,0.0,0.0,0
2026-09-14,Week 14,2026,9,14,257,3.539999999999998,-1.2890000000000004,85291,9.086000000000002,12.985999999999997,0.0,0
2026-09-15,Week 15,2026,9,15,258,0.9730000000000001,-2.266571428571429,85291,10.765999999999998,9.086000000000002,12.985999999999997,0
2026-09-16,Week 15,2026,9,16,259,0.7570000000000001,-3.3230000000000053,85291,12.769999999999998,10.765999999999998,9.086000000000002,0
2026-09-17,Week 15,2026,9,17,260,2.177999999999999,-2.3560000000000034,85291,11.87599999999999,12.769999999999998,10.765999999999998,0
2026-09-18,Week 15,2026,9,18,261,4.065,-1.065,85291,12.091999999999995,11.87599999999999,12.769999999999998,0
2026-09-19,Week 15,2026,9,19,262,4.149000000000001,-0.5489999999999992,85291,12.299999999999994,12.091999999999995,11.87599999999999,0
2026-09-20,Week 15,2026,9,20,263,2.5180000000000007,-0.8789999999999994,85291,9.515999999999995,12.299999999999994,12.091999999999995,0
2026-09-21,Week 15,2026,9,21,264,2.057999999999997,-1.6029999999999984,85291,13.929999999999998,9.515999999999995,12.299999999999994,0
2026-06-09,Week 1,2026,6,9,160,0.2360000000000001,-2.080000000000002,72161,8.049866666666658,0.0,0.0,0
2026-06-10,Week 1,2026,6,10,161,0.5289999999999992,-2.2169999999999987,72161,4.637571428571421,8.049866666666658,0.0,0
2026-06-11,Week 1,2026,6,11,162,0.6149999999999991,-1.7329999999999997,72161,0.0,4.637571428571421,8.049866666666658,1
2026-06-12,Week 1,2026,6,12,163,2.0570000000000026,-2.170999999999999,72161,0.0,0.0,4.637571428571421,1
2026-06-13,Week 1,2026,6,13,164,2.737999999999999,-2.2490000000000023,72161,0.0,0.0,0.0,0
2026-06-14,Week 1,2026,6,14,165,3.4240000000000013,-0.9409999999999994,72161,0.0,0.0,0.0,0
2026-06-15,Week 1,2026,6,15,166,2.234999999999999,-0.4459999999999999,72161,0.0,0.0,0.0,0
2026-06-16,Week 2,2026,6,16,167,1.817,-2.292000000000002,72161,3.3594666666666684,0.0,0.0,0
2026-06-17,Week 2,2026,6,17,168,1.7739999999999991,-1.462999999999999,72161,1.8994666666666686,3.3594666666666684,0.0,0
2026-06-18,Week 2,2026,6,18,169,5.9700000000000095,-2.6899999999999955,72161,1.6304000000000003,1.8994666666666686,3.3594666666666684,0
2026-06-19,Week 2,2026,6,19,170,7.576000000000004,-2.007999999999997,72161,0.0,1.6304000000000003,1.8994666666666686,0
2026-06-20,Week 2,2026,6,20,171,9.496000000000015,2.3990000000000045,72161,0.0,0.0,1.6304000000000003,0
2026-06-21,Week 2,2026,6,21,172,9.462066666666669,3.7740000000000027,72161,0.0,0.0,0.0,0
2026-06-22,Week 2,2026,6,22,173,8.476733333333327,4.621000000000004,72161,0.0,0.0,0.0,0
2026-06-23,Week 3,2026,6,23,174,3.736400000000007,2.7939999999999956,72161,0.0,0.0,0.0,0
2026-06-24,Week 3,2026,6,24,175,4.008533333333335,3.2819999999999947,72161,9.047333333333343,0.0,0.0,0
2026-06-25,Week 3,2026,6,25,176,0.6082666666666658,-0.404999999999999,72161,10.458533333333328,9.047333333333343,0.0,0
2026-06-26,Week 3,2026,6,26,177,1.1191333333333322,-4.173999999999998,72161,7.279600000000006,10.458533333333328,9.047333333333343,0
2026-06-27,Week 3,2026,6,27,178,4.300066666666666,-3.6520000000000046,72161,3.846933333333328,7.279600000000006,10.458533333333328,0
2026-06-28,Week 3,2026,6,28,179,4.195066666666663,-1.9269999999999998,72161,0.0,3.846933333333328,7.279600000000006,1
2026-06-29,Week 3,2026,6,29,180,4.302000000000005,-1.2529999999999986,72161,0.0,0.0,3.846933333333328,1
2026-06-30,Week 4,2026,6,30,181,3.4100000000000055,-1.4439999999999977,72161,0.0,0.0,0.0,0
2026-07-01,Week 4,2026,7,1,182,4.7269999999999985,-0.28600000000000025,72161,0.0,0.0,0.0,0
2026-07-02,Week 4,2026,7,2,183,5.372999999999993,0.7970000000000005,72161,0.0,0.0,0.0,0
2026-07-03,Week 4,2026,7,3,184,4.901999999999994,1.0089999999999997,72161,0.0,0.0,0.0,0
2026-07-04,Week 4,2026,7,4,185,6.181000000000008,0.6560000000000009,72161,0.0,0.0,0.0,0
2026-07-05,Week 4,2026,7,5,186,7.549000000000009,1.5149999999999997,72161,0.0,0.0,0.0,0
2026-07-06,Week 4,2026,7,6,187,7.358999999999998,2.3859999999999975,72161,0.0,0.0,0.0,0
2026-07-07,Week 5,2026,7,7,188,5.581999999999997,0.9980000000000007,72161,16.464000000000024,0.0,0.0,0
2026-07-08,Week 5,2026,7,8,189,2.714999999999998,-0.07600000000000003,72161,0.0,16.464000000000024,0.0,1
2026-07-09,Week 5,2026,7,9,190,1.1349999999999987,-1.0709999999999995,72161,11.336000000000004,0.0,16.464000000000024,0
2026-07-10,Week 5,2026,7,10,191,0.4739999999999994,-1.47,72161,9.356000000000012,11.336000000000004,0.0,0
2026-07-11,Week 5,2026,7,11,192,2.1750000000000007,-1.5820000000000018,72161,19.181999999999988,9.356000000000012,11.336000000000004,0
2026-07-12,Week 5,2026,7,12,193,2.621999999999998,-0.5900000000000005,72161,13.482000000000001,19.181999999999988,9.356000000000012,0
2026-07-13,Week 5,2026,7,13,194,2.079999999999999,-1.0170000000000017,72161,0.0,13.482000000000001,19.181999999999988,1
2026-07-14,Week 6,2026,7,14,195,0.8159999999999995,-1.545,72161,6.791999999999991,0.0,13.482000000000001,0
2026-07-15,Week 6,2026,7,15,196,-0.005999999999999992,-2.1049999999999986,72161,2.4460000000000024,6.791999999999991,0.0,0
2026-07-16,Week 6,2026,7,16,197,0.8170000000000008,-2.0519999999999996,72161,1.371999999999999,2.4460000000000024,6.791999999999991,0
2026-07-17,Week 6,2026,7,17,198,3.4709999999999974,-1.1869999999999983,72161,0.0,1.371999999999999,2.4460000000000024,1
2026-07-18,Week 6,2026,7,18,199,4.225000000000006,-0.8840000000000009,72161,0.0,0.0,1.371999999999999,0
2026-07-19,Week 6,2026,7,19,200,3.4600000000000044,-0.9529999999999991,72161,0.0,0.0,0.0,0
2026-07-20,Week 6,2026,7,20,201,4.612999999999996,-1.2709999999999986,72161,0.0,0.0,0.0,0
2026-07-21,Week 7,2026,7,21,202,5.6979999999999915,-0.34700000000000053,72161,0.0,0.0,0.0,0
2026-07-22,Week 7,2026,7,22,203,5.021000000000003,1.3400000000000005,72161,7.849999999999992,0.0,0.0,0
2026-07-23,Week 7,2026,7,23,204,1.5790000000000015,-1.0540000000000014,72161,18.654000000000018,7.849999999999992,0.0,0
2026-07-24,Week 7,2026,7,24,205,3.2880000000000003,-1.984999999999998,72161,8.27946666666668,18.654000000000018,7.849999999999992,0
2026-07-25,Week 7,2026,7,25,206,4.842999999999999,-1.847000000000001,72161,3.177999999999993,8.27946666666668,18.654000000000018,0
2026-07-26,Week 7,2026,7,26,207,3.329999999999996,-0.4439999999999999,72161,8.906000000000017,3.177999999999993,8.27946666666668,0
2026-07-27,Week 7,2026,7,27,208,3.1289999999999987,0.4659999999999995,72161,17.43399999999999,8.906000000000017,3.177999999999993,0
2026-07-28,Week 8,2026,7,28,209,2.1299999999999986,-0.2920000000000004,72161,37.58600000000001,17.43399999999999,8.906000000000017,0
2026-07-29,Week 8,2026,7,29,210,1.2570000000000001,-2.4309999999999996,72161,32.36000000000001,37.58600000000001,17.43399999999999,0
2026-07-30,Week 8,2026,7,30,211,2.907000000000001,-3.1800000000000024,72161,25.227999999999998,32.36000000000001,37.58600000000001,0
2026-07-31,Week 8,2026,7,31,212,4.575000000000001,-1.9230000000000016,72161,24.496,25.227999999999998,32.36000000000001,0
2026-08-01,Week 8,2026,8,1,213,5.809999999999998,-1.9269999999999994,72161,0.0,24.496,25.227999999999998,0
2026-08-02,Week 8,2026,8,2,214,5.782999999999999,-1.5989999999999998,72161,0.0,0.0,24.496,0
2026-08-03,Week 8,2026,8,3,215,5.626999999999997,-0.5750000000000007,72161,0.0,0.0,0.0,0
2026-08-04,Week 9,2026,8,4,216,5.595999999999996,0.26,72161,0.0,0.0,0.0,0
2026-08-05,Week 9,2026,8,5,217,4.914999999999993,0.24899999999999983,72161,0.0,0.0,0.0,0
2026-08-06,Week 9,2026,8,6,218,4.087999999999999,-0.10399999999999997,72161,23.293200000000017,0.0,0.0,0
2026-08-07,Week 9,2026,8,7,219,4.373000000000002,-0.203,72161,23.49200000000001,23.293200000000017,0.0,0
2026-08-08,Week 9,2026,8,8,220,4.727000000000003,0.09500000000000006,72161,23.334000000000014,23.49200000000001,23.293200000000017,0
2026-08-09,Week 9,2026,8,9,221,5.139000000000005,0.5819999999999996,72161,21.768000000000008,23.334000000000014,23.49200000000001,0
2026-08-10,Week 9,2026,8,10,222,5.928999999999998,0.8769999999999996,72161,21.262000000000004,21.768000000000008,23.334000000000014,0
2026-08-11,Week 10,2026,8,11,223,7.30799999999999,1.145999999999999,72161,22.852000000000004,21.262000000000004,21.768000000000008,0
2026-08-12,Week 10,2026,8,12,224,7.744999999999996,1.6369999999999991,72161,22.16400000000001,22.852000000000004,21.262000000000004,0
2026-08-13,Week 10,2026,8,13,225,9.020000000000003,3.005000000000001,72161,19.772000000000016,22.16400000000001,22.852000000000004,0
2026-08-14,Week 10,2026,8,14,226,9.125000000000009,4.132999999999996,72161,19.358000000000015,19.772000000000016,22.16400000000001,0
2026-08-15,Week 10,2026,8,15,227,9.323000000000006,4.366999999999997,72161,18.858000000000015,19.358000000000015,19.772000000000016,0
2026-08-16,Week 10,2026,8,16,228,9.237999999999998,4.2170000000000005,72161,18.962000000000014,18.858000000000015,19.358000000000015,0
2026-08-17,Week 10,2026,8,17,229,7.157,2.2959999999999967,72161,19.796000000000014,18.962000000000014,18.858000000000015,0
2026-08-18,Week 11,2026,8,18,230,6.0699999999999985,0.5879999999999999,72161,20.526000000000014,19.796000000000014,18.962000000000014,0
2026-08-19,Week 11,2026,8,19,231,7.338999999999996,0.4409999999999995,72161,20.426000000000016,20.526000000000014,19.796000000000014,0
2026-08-20,Week 11,2026,8,20,232,8.411000000000003,1.4800000000000006,72161,19.96200000000001,20.426000000000016,20.526000000000014,0
2026-08-21,Week 11,2026,8,21,233,9.171999999999992,2.7710000000000012,72161,19.598000000000017,19.96200000000001,20.426000000000016,0
2026-08-22,Week 11,2026,8,22,234,6.190000000000002,3.5169999999999977,72161,19.162000000000013,19.598000000000017,19.96200000000001,0
2026-08-23,Week 11,2026,8,23,235,6.86000000000001,1.8259999999999994,72161,21.93800000000002,19.162000000000013,19.598000000000017,0
2026-08-24,Week 11,2026,8,24,236,9.681000000000006,2.0519999999999983,72161,19.267466666666692,21.93800000000002,19.162000000000013,0
2026-08-25,Week 12,2026,8,25,237,10.768000000000008,3.5339999999999985,72161,18.718000000000018,19.267466666666692,21.93800000000002,0
2026-08-26,Week 12,2026,8,26,238,9.661,3.5639999999999996,72161,21.942000000000007,18.718000000000018,19.267466666666692,0
2026-08-27,Week 12,2026,8,27,239,7.996999999999998,2.800000000000001,72161,23.985230769230768,21.942000000000007,18.718000000000018,0
2026-08-28,Week 12,2026,8,28,240,6.755846153846152,2.6690000000000027,72161,25.71646153846154,23.985230769230768,21.942000000000007,0
2026-08-29,Week 12,2026,8,29,241,7.712999999999995,1.5280000000000007,72161,21.83430769230769,25.71646153846154,23.985230769230768,0
2026-08-30,Week 12,2026,8,30,242,6.481999999999997,1.1730000000000012,72161,21.377230769230778,21.83430769230769,25.71646153846154,0
2026-08-31,Week 12,2026,8,31,243,7.009999999999999,0.815,72161,21.26800000000002,21.377230769230778,21.83430769230769,0
2026-09-01,Week 13,2026,9,1,244,7.88884615384615,0.8010000000000005,72161,20.177230769230793,21.26800000000002,21.377230769230778,0
2026-09-02,Week 13,2026,9,2,245,6.838615384615379,0.3359999999999995,72161,19.759230769230793,20.177230769230793,21.26800000000002,0
2026-09-03,Week 13,2026,9,3,246,7.412307692307687,-0.9479999999999988,72161,19.72969230769232,19.759230769230793,20.177230769230793,0
2026-09-04,Week 13,2026,9,4,247,10.450076923076923,0.5369999999999999,72161,20.40784615384616,19.72969230769232,19.759230769230793,0
2026-09-05,Week 13,2026,9,5,248,10.917923076923078,1.6400000000000003,72161,19.658923076923084,20.40784615384616,19.72969230769232,0
2026-09-06,Week 13,2026,9,6,249,12.887846153846152,3.150999999999999,72161,0.0,19.658923076923084,20.40784615384616,0
2026-09-07,Week 13,2026,9,7,250,12.912999999999988,4.8409999999999975,72161,21.581230769230775,0.0,19.658923076923084,0
2026-09-08,Week 14,2026,9,8,251,6.537999999999999,1.9469999999999974,72161,22.59523076923077,21.581230769230775,0.0,0
2026-09-09,Week 14,2026,9,9,252,5.539000000000003,0.8679999999999997,72161,21.99400000000001,22.59523076923077,21.581230769230775,0
2026-09-10,Week 14,2026,9,10,253,7.893000000000002,1.1980000000000002,72161,21.07400000000001,21.99400000000001,22.59523076923077,0
2026-09-11,Week 14,2026,9,11,254,10.607000000000006,2.3219999999999996,72161,0.0,21.07400000000001,21.99400000000001,0
2026-09-12,Week 14,2026,9,12,255,9.741999999999997,3.056999999999998,72161,22.790000000000013,0.0,21.07400000000001,0
2026-09-13,Week 14,2026,9,13,256,8.86199999999999,1.6019999999999996,72161,21.588000000000015,22.790000000000013,0.0,0
2026-09-14,Week 14,2026,9,14,257,8.90399999999999,1.4669999999999996,72161,20.93800000000002,21.588000000000015,22.790000000000013,0
2026-09-15,Week 15,2026,9,15,258,8.095999999999993,0.4260000000000002,72161,18.920000000000012,20.93800000000002,21.588000000000015,0
2026-09-16,Week 15,2026,9,16,259,7.078000000000006,-2.0470000000000015,72161,19.28800000000001,18.920000000000012,20.93800000000002,0
2026-09-17,Week 15,2026,9,17,260,7.7310000000000025,-1.290000000000001,72161,0.0,19.28800000000001,18.920000000000012,0
2026-09-18,Week 15,2026,9,18,261,8.748999999999993,0.02399999999999985,72161,0.0,0.0,19.28800000000001,0
2026-09-19,Week 15,2026,9,19,262,7.817999999999995,1.5159999999999991,72161,0.0,0.0,0.0,0
2026-09-20,Week 15,2026,9,20,263,4.888000000000002,0.8710000000000001,72161,0.0,0.0,0.0,0
2026-09-21,Week 15,2026,9,21,264,4.260000000000004,0.257,72161,19.21600000000001,0.0,0.0,0
